Time,mq2_GI,mq4_GI
00:00:00,0,0
00:10:00,0,0
00:20:00,0,0
00:30:00,1,0
00:40:00,2,0
00:50:00,3,0
01:00:00,4,0
01:10:00,5,0
01:20:00,6,0
01:30:00,7,0
01:40:00,8,0
01:50:00,9,0
02:00:00,9,0
02:10:00,10,0
02:20:00,11,0
02:30:00,12,0
02:40:00,0,0
02:50:00,0,0
03:00:00,0,0
03:10:00,0,0
03:20:00,0,0
03:30:00,0,0
03:40:00,0,0
03:50:00,0,0
04:00:00,0,0
04:10:00,0,0
04:20:00,0,0
04:30:00,0,0
04:40:00,0,0
04:50:00,0,0
05:00:00,0,0
05:10:00,0,0
05:20:00,0,0
05:30:00,0,0
05:40:00,0,0
05:50:00,0,0
06:00:00,0,0
06:10:00,0,0
06:20:00,0,0
06:30:00,0,0
06:40:00,0,0
06:50:00,0,0
07:00:00,0,0
07:10:00,0,0
07:20:00,0,0
07:30:00,0,0
07:40:00,0,0
07:50:00,0,0
08:00:00,0,0
08:10:00,0,0
08:20:00,0,0
08:30:00,0,0
08:40:00,0,0
08:50:00,0,0
09:00:00,0,0
09:10:00,0,0
09:20:00,0,0
09:30:00,0,0
09:40:00,0,0
09:50:00,0,0
10:00:00,0,0
10:10:00,0,0
10:20:00,0,0
10:30:00,0,0
10:40:00,0,0
10:50:00,0,0
11:00:00,0,0
11:10:00,0,0
11:20:00,0,0
11:30:00,0,0
11:40:00,0,0
11:50:00,0,0
12:00:00,0,0
12:10:00,0,0
12:20:00,0,0
12:30:00,0,0
12:40:00,0,0
12:50:00,0,0
13:00:00,0,0
13:10:00,0,0
13:20:00,0,0
13:30:00,0,0
13:40:00,0,0
13:50:00,0,0
14:00:00,0,0
14:10:00,0,0
14:20:00,0,0
14:30:00,0,0
14:40:00,0,0
14:50:00,0,0
15:00:00,0,0
15:10:00,0,0
15:20:00,0,0
15:30:00,0,0
15:40:00,0,0
15:50:00,0,0
16:00:00,0,0
16:10:00,0,0
16:20:00,0,0
16:30:00,0,0
16:40:00,0,0
16:50:00,0,0
17:00:00,1,0
17:10:00,2,0
17:20:00,3,0
17:30:00,4,1
17:40:00,5,3
17:50:00,6,4
18:00:00,6,5
18:10:00,7,7
18:20:00,8,8
18:30:00,9,9
18:40:00,9,10
18:50:00,10,11
19:00:00,11,12
19:10:00,11,14
19:20:00,12,14
19:30:00,12,15
19:40:00,12,16
19:50:00,13,16
20:00:00,13,17
20:10:00,13,17
20:20:00,13,17
20:30:00,13,17
20:40:00,12,16
20:50:00,12,16
21:00:00,12,15
21:10:00,11,15
21:20:00,11,15
21:30:00,11,15
21:40:00,11,15
21:50:00,11,14
22:00:00,10,12
22:10:00,9,10
22:20:00,8,7
22:30:00,6,5
22:40:00,5,3
22:50:00,4,1
23:00:00,4,0
23:10:00,3,0
23:20:00,2,0
23:30:00,1,0
23:40:00,1,0
23:50:00,0,0
00:00:00,0,0
00:10:00,0,0
00:20:00,0,0
00:30:00,0,0
00:40:00,1,0
00:50:00,1,0
01:00:00,0,0
01:10:00,0,0
01:20:00,1,0
01:30:00,2,0
01:40:00,2,0
01:50:00,0,0
02:00:00,4,0
02:10:00,8,0
02:20:00,4,6
02:30:00,4,4
02:40:00,4,3
02:50:00,5,4
03:00:00,6,5
03:10:00,8,7
03:20:00,9,9
03:30:00,11,11
03:40:00,12,13
03:50:00,14,14
04:00:00,15,16
04:10:00,16,18
04:20:00,17,19
04:30:00,18,21
04:40:00,20,22
04:50:00,21,24
05:00:00,21,25
05:10:00,22,26
05:20:00,23,27
05:30:00,24,28
05:40:00,25,29
05:50:00,25,30
06:00:00,26,31
06:10:00,27,32
06:20:00,27,33
06:30:00,28,33
06:40:00,28,34
06:50:00,29,35
07:00:00,29,35
07:10:00,30,36
07:20:00,30,36
07:30:00,31,36
07:40:00,31,37
07:50:00,31,37
08:00:00,31,37
08:10:00,31,38
08:20:00,31,38
08:30:00,31,38
08:40:00,32,38
08:50:00,32,38
09:00:00,32,38
09:10:00,32,38
09:20:00,32,39
09:30:00,32,39
09:40:00,33,39
09:50:00,33,39
10:00:00,33,40
10:10:00,33,40
10:20:00,33,40
10:30:00,33,40
10:40:00,34,40
10:50:00,34,41
11:00:00,34,41
11:10:00,34,41
11:20:00,34,42
11:30:00,35,42
11:40:00,35,43
11:50:00,35,43
12:00:00,36,44
12:10:00,36,44
12:20:00,36,45
12:30:00,37,46
12:40:00,37,46
12:50:00,37,47
13:00:00,38,47
13:10:00,38,48
13:20:00,39,49
13:30:00,39,49
13:40:00,39,50
13:50:00,39,50
14:00:00,40,51
14:10:00,40,51
14:20:00,40,52
14:30:00,41,52
14:40:00,41,52
14:50:00,41,53
15:00:00,41,53
15:10:00,42,54
15:20:00,42,54
15:30:00,42,54
15:40:00,42,55
15:50:00,43,55
16:00:00,43,55
16:10:00,43,56
16:20:00,43,56
16:30:00,44,56
16:40:00,44,57
16:50:00,44,57
17:00:00,44,57
17:10:00,44,58
17:20:00,45,58
17:30:00,45,58
17:40:00,45,59
17:50:00,45,59
18:00:00,45,59
18:10:00,45,60
18:20:00,46,60
18:30:00,46,60
18:40:00,46,60
18:50:00,46,61
19:00:00,46,61
19:10:00,46,61
19:20:00,46,62
19:30:00,47,62
19:40:00,47,62
19:50:00,47,62
20:00:00,47,63
20:10:00,47,63
20:20:00,47,63
20:30:00,47,63
20:40:00,47,64
20:50:00,48,64
21:00:00,48,64
21:10:00,48,64
21:20:00,48,65
21:30:00,48,65
21:40:00,48,65
21:50:00,48,65
22:00:00,48,66
22:10:00,49,66
22:20:00,49,66
22:30:00,49,66
22:40:00,49,67
22:50:00,49,67
23:00:00,49,67
23:10:00,49,67
23:20:00,49,68
23:30:00,49,68
23:40:00,49,68
23:50:00,50,68
00:00:00,50,69
00:10:00,50,69
00:20:00,50,69
00:30:00,50,69
00:40:00,50,70
00:50:00,50,70
01:00:00,50,70
01:10:00,50,71
01:20:00,50,71
01:30:00,51,71
01:40:00,51,72
01:50:00,51,72
02:00:00,51,72
02:10:00,51,72
02:20:00,51,72
02:30:00,51,73
02:40:00,54,77
02:50:00,56,80
03:00:00,57,82
03:10:00,58,83
03:20:00,59,85
03:30:00,59,86
03:40:00,60,86
03:50:00,60,87
04:00:00,60,88
04:10:00,60,88
04:20:00,60,88
04:30:00,61,89
04:40:00,61,89
04:50:00,61,89
05:00:00,61,90
05:10:00,61,90
05:20:00,61,90
05:30:00,61,90
05:40:00,61,90
05:50:00,61,90
06:00:00,61,91
06:10:00,61,91
06:20:00,61,91
06:30:00,61,91
06:40:00,61,91
06:50:00,61,91
07:00:00,61,91
07:10:00,61,91
07:20:00,61,91
07:30:00,61,91
07:40:00,61,91
07:50:00,61,92
08:00:00,61,92
08:10:00,61,92
08:20:00,61,92
08:30:00,61,92
08:40:00,61,92
08:50:00,61,92
09:00:00,61,92
09:10:00,61,92
09:20:00,61,92
09:30:00,61,92
09:40:00,61,92
09:50:00,61,92
10:00:00,61,92
10:10:00,61,92
10:20:00,61,93
10:30:00,61,93
10:40:00,61,93
10:50:00,61,93
11:00:00,61,93
11:10:00,61,93
11:20:00,61,93
11:30:00,61,93
11:40:00,61,93
11:50:00,61,93
12:00:00,61,93
12:10:00,61,93
12:20:00,61,94
12:30:00,61,94
12:40:00,61,94
12:50:00,61,94
13:00:00,61,94
13:10:00,61,94
13:20:00,61,94
13:30:00,61,94
13:40:00,62,94
13:50:00,62,94
14:00:00,62,94
14:10:00,62,94
14:20:00,62,94
14:30:00,62,95
14:40:00,62,95
14:50:00,62,95
15:00:00,62,95
15:10:00,62,95
15:20:00,62,95
15:30:00,62,95
15:40:00,62,95
15:50:00,62,95
16:00:00,62,95
16:10:00,62,95
16:20:00,62,95
16:30:00,62,95
16:40:00,62,95
16:50:00,62,95
17:00:00,62,95
17:10:00,62,95
17:20:00,62,95
17:30:00,62,95
17:40:00,62,95
17:50:00,62,95
18:00:00,62,96
18:10:00,62,96
18:20:00,62,96
18:30:00,62,96
18:40:00,62,96
18:50:00,62,96
19:00:00,62,96
19:10:00,62,96
19:20:00,62,96
19:30:00,62,96
19:40:00,62,96
19:50:00,62,96
20:00:00,62,96
20:10:00,60,94
20:20:00,52,85
20:30:00,52,84
20:40:00,52,84
20:50:00,52,84
21:00:00,52,84
21:10:00,52,84
21:20:00,53,84
21:30:00,53,84
21:40:00,53,84
21:50:00,53,84
22:00:00,53,84
22:10:00,54,84
22:20:00,54,84
22:30:00,54,84
22:40:00,54,84
22:50:00,54,85
23:00:00,54,85
23:10:00,54,85
23:20:00,54,85
23:30:00,55,85
23:40:00,55,85
23:50:00,55,85
00:00:00,55,85
00:10:00,55,85
00:20:00,55,85
00:30:00,55,85
00:40:00,55,85
00:50:00,55,86
01:00:00,55,86
01:10:00,56,86
01:20:00,56,86
01:30:00,56,86
01:40:00,56,86
01:50:00,56,86
02:00:00,56,86
02:10:00,56,86
02:20:00,56,86
02:30:00,56,86
02:40:00,56,86
02:50:00,56,86
03:00:00,56,86
03:10:00,56,86
03:20:00,56,86
03:30:00,56,86
03:40:00,56,86
03:50:00,56,86
04:00:00,56,86
04:10:00,56,86
04:20:00,56,86
04:30:00,56,86
04:40:00,56,86
04:50:00,56,86
05:00:00,56,86
05:10:00,56,86
05:20:00,56,87
05:30:00,56,87
05:40:00,56,87
05:50:00,56,87
06:00:00,56,87
06:10:00,56,87
06:20:00,56,87
06:30:00,56,87
06:40:00,56,87
06:50:00,56,87
07:00:00,56,87
07:10:00,56,87
07:20:00,56,87
07:30:00,56,87
07:40:00,56,87
07:50:00,56,87
08:00:00,56,87
08:10:00,56,87
08:20:00,56,87
08:30:00,56,88
08:40:00,56,88
08:50:00,56,88
09:00:00,56,88
09:10:00,56,88
09:20:00,56,88
09:30:00,56,88
09:40:00,56,88
09:50:00,56,88
10:00:00,56,88
10:10:00,56,88
10:20:00,56,88
10:30:00,56,88
10:40:00,56,88
10:50:00,56,88
11:00:00,56,88
11:10:00,56,88
11:20:00,56,88
11:30:00,56,88
11:40:00,56,89
11:50:00,57,89
12:00:00,57,89
12:10:00,57,89
12:20:00,57,89
12:30:00,57,89
12:40:00,57,89
12:50:00,57,89
13:00:00,57,89
13:10:00,57,89
13:20:00,57,89
13:30:00,57,89
13:40:00,57,89
13:50:00,57,89
14:00:00,57,89
14:10:00,57,89
14:20:00,57,89
14:30:00,57,90
14:40:00,57,90
14:50:00,57,90
15:00:00,57,90
15:10:00,57,90
15:20:00,57,90
15:30:00,57,90
15:40:00,57,90
15:50:00,57,90
16:00:00,57,90
16:10:00,57,90
16:20:00,57,90
16:30:00,57,90
16:40:00,57,90
16:50:00,57,90
17:00:00,57,90
17:10:00,57,91
17:20:00,57,91
17:30:00,58,91
17:40:00,58,91
17:50:00,58,92
18:00:00,58,92
18:10:00,58,92
18:20:00,58,92
18:30:00,58,92
18:40:00,58,92
18:50:00,58,92
19:00:00,58,92
19:10:00,58,92
19:20:00,57,92
19:30:00,57,92
19:40:00,57,92
19:50:00,57,92
20:00:00,57,92
20:10:00,57,92
20:20:00,57,92
20:30:00,57,92
20:40:00,60,94
20:50:00,59,93
21:00:00,59,93
21:10:00,59,93
21:20:00,59,93
21:30:00,59,93
21:40:00,59,93
21:50:00,59,93
22:00:00,59,93
22:10:00,59,94
22:20:00,59,94
22:30:00,59,94
22:40:00,59,94
22:50:00,59,94
23:00:00,59,94
23:10:00,59,94
23:20:00,59,94
23:30:00,59,94
23:40:00,59,94
23:50:00,59,94
00:00:00,59,94
00:10:00,59,94
00:20:00,59,94
00:30:00,59,94
00:40:00,59,94
00:50:00,59,94
01:00:00,59,94
01:10:00,59,94
01:20:00,59,94
01:30:00,59,94
01:40:00,59,94
01:50:00,59,94
02:00:00,59,94
02:10:00,59,94
02:20:00,59,94
02:30:00,59,94
02:40:00,59,94
02:50:00,59,94
03:00:00,59,94
03:10:00,59,94
03:20:00,59,94
03:30:00,59,94
03:40:00,59,94
03:50:00,58,94
04:00:00,58,94
04:10:00,58,94
04:20:00,58,94
04:30:00,58,94
04:40:00,58,94
04:50:00,58,94
05:00:00,58,94
05:10:00,58,94
05:20:00,58,94
05:30:00,58,94
05:40:00,58,94
05:50:00,58,94
06:00:00,58,94
06:10:00,58,94
06:20:00,58,94
06:30:00,58,94
06:40:00,58,94
06:50:00,58,94
07:00:00,58,94
07:10:00,58,94
07:20:00,58,94
07:30:00,58,94
07:40:00,58,94
07:50:00,58,94
08:00:00,58,94
08:10:00,58,94
08:20:00,58,94
08:30:00,58,94
08:40:00,58,94
08:50:00,58,94
09:00:00,58,95
09:10:00,58,95
09:20:00,58,95
09:30:00,58,95
09:40:00,58,95
09:50:00,58,95
10:00:00,58,95
10:10:00,58,95
10:20:00,58,95
10:30:00,58,95
10:40:00,58,95
10:50:00,58,95
11:00:00,58,95
11:10:00,58,95
11:20:00,58,95
11:30:00,58,95
11:40:00,58,95
11:50:00,58,95
12:00:00,58,95
12:10:00,58,95
12:20:00,58,95
12:30:00,58,95
12:40:00,58,95
12:50:00,58,95
13:00:00,58,95
13:10:00,58,95
13:20:00,58,95
13:30:00,58,95
13:40:00,58,95
13:50:00,58,95
14:00:00,58,95
14:10:00,58,95
14:20:00,58,95
14:30:00,58,95
14:40:00,58,95
14:50:00,58,95
15:00:00,58,95
15:10:00,58,95
15:20:00,58,95
15:30:00,59,95
15:40:00,59,95
15:50:00,59,95
16:00:00,59,95
16:10:00,59,96
16:20:00,59,96
16:30:00,59,96
16:40:00,59,96
16:50:00,59,96
17:00:00,59,96
17:10:00,59,96
17:20:00,59,96
17:30:00,59,96
17:40:00,59,96
17:50:00,59,96
18:00:00,59,96
18:10:00,59,96
18:20:00,59,96
18:30:00,59,96
18:40:00,59,96
18:50:00,59,96
19:00:00,59,96
19:10:00,59,96
19:20:00,59,96
19:30:00,59,96
19:40:00,59,96
19:50:00,59,96
20:00:00,59,96
20:10:00,59,96
20:20:00,59,96
20:30:00,59,96
20:40:00,59,96
20:50:00,59,96
21:00:00,59,96
21:10:00,59,96
21:20:00,59,96
21:30:00,59,96
21:40:00,59,96
21:50:00,59,96
22:00:00,60,96
22:10:00,61,97
22:20:00,61,97
22:30:00,61,97
22:40:00,61,98
22:50:00,61,98
23:00:00,61,98
23:10:00,61,98
23:20:00,61,98
23:30:00,61,98
23:40:00,62,98
23:50:00,62,98
00:00:00,62,98
00:10:00,62,98
00:20:00,62,98
00:30:00,62,98
00:40:00,62,98
00:50:00,62,98
01:00:00,62,98
01:10:00,62,98
01:20:00,61,98
01:30:00,61,98
01:40:00,61,98
01:50:00,61,98
02:00:00,61,98
02:10:00,61,98
02:20:00,60,98
02:30:00,60,97
02:40:00,60,97
02:50:00,60,97
03:00:00,60,97
03:10:00,60,97
03:20:00,60,97
03:30:00,60,97
03:40:00,60,97
03:50:00,60,97
04:00:00,60,97
04:10:00,60,97
04:20:00,60,98
04:30:00,60,98
04:40:00,60,98
04:50:00,60,98
05:00:00,62,98
05:10:00,63,99
05:20:00,64,99
05:30:00,66,100
05:40:00,66,100
05:50:00,68,100
06:00:00,68,100
06:10:00,69,100
06:20:00,69,100
06:30:00,69,100
06:40:00,69,100
06:50:00,69,100
07:00:00,70,100
07:10:00,70,100
07:20:00,70,100
07:30:00,70,100
07:40:00,70,100
07:50:00,70,100
08:00:00,70,100
08:10:00,70,100
08:20:00,70,100
08:30:00,70,100
08:40:00,70,100
08:50:00,69,100
09:00:00,68,100
09:10:00,68,100
09:20:00,68,100
09:30:00,68,100
09:40:00,68,100
09:50:00,67,100
10:00:00,67,100
10:10:00,67,100
10:20:00,67,100
10:30:00,67,100
10:40:00,67,100
10:50:00,67,100
11:00:00,67,100
11:10:00,67,100
11:20:00,67,100
11:30:00,67,100
11:40:00,67,100
11:50:00,67,100
12:00:00,67,100
12:10:00,67,100
12:20:00,67,100
12:30:00,67,100
12:40:00,67,100
12:50:00,67,100
13:00:00,67,100
13:10:00,67,100
13:20:00,68,100
13:30:00,67,100
13:40:00,67,100
13:50:00,67,100
14:00:00,67,100
14:10:00,68,100
14:20:00,68,100
14:30:00,68,100
14:40:00,68,100
14:50:00,68,100
15:00:00,68,100
15:10:00,68,100
15:20:00,68,100
15:30:00,68,100
15:40:00,68,100
15:50:00,68,100
16:00:00,68,100
16:10:00,68,100
16:20:00,68,100
16:30:00,68,100
16:40:00,66,100
16:50:00,66,100
17:00:00,65,100
17:10:00,65,100
17:20:00,65,100
17:30:00,65,99
17:40:00,65,99
17:50:00,65,99
18:00:00,65,99
18:10:00,65,99
18:20:00,65,99
18:30:00,65,99
18:40:00,65,99
18:50:00,65,99
19:00:00,66,100
19:10:00,68,100
19:20:00,69,100
19:30:00,69,100
19:40:00,70,100
19:50:00,70,100
20:00:00,71,100
20:10:00,71,100
20:20:00,71,100
20:30:00,72,100
20:40:00,72,100
20:50:00,72,100
21:00:00,72,100
21:10:00,72,100
21:20:00,72,100
21:30:00,73,100
21:40:00,73,100
21:50:00,73,100
22:00:00,73,100
22:10:00,73,100
22:20:00,73,100
22:30:00,73,100
22:40:00,73,100
22:50:00,73,100
23:00:00,73,100
23:10:00,73,100
23:20:00,73,100
23:30:00,73,100
23:40:00,73,100
23:50:00,73,100
00:00:00,74,100
00:10:00,74,100
00:20:00,74,100
00:30:00,74,100
00:40:00,74,100
00:50:00,75,100
01:00:00,75,100
01:10:00,76,100
01:20:00,76,100
01:30:00,75,100
01:40:00,75,100
01:50:00,75,100
02:00:00,75,100
02:10:00,75,100
02:20:00,75,100
02:30:00,75,100
02:40:00,75,100
02:50:00,75,100
03:00:00,75,100
03:10:00,75,100
03:20:00,74,100
03:30:00,74,100
03:40:00,74,100
03:50:00,74,100
04:00:00,74,100
04:10:00,74,100
04:20:00,74,100
04:30:00,74,100
04:40:00,74,100
04:50:00,73,100
05:00:00,73,100
05:10:00,73,100
05:20:00,73,100
05:30:00,73,100
05:40:00,73,100
05:50:00,73,100
06:00:00,73,100
06:10:00,73,100
06:20:00,73,100
06:30:00,73,100
06:40:00,73,100
06:50:00,73,100
07:00:00,73,100
07:10:00,73,100
07:20:00,73,100
07:30:00,73,100
07:40:00,73,100
07:50:00,73,100
08:00:00,73,100
08:10:00,74,100
08:20:00,74,100
08:30:00,74,100
08:40:00,74,100
08:50:00,74,100
09:00:00,74,100
09:10:00,74,100
09:20:00,74,100
09:30:00,74,100
09:40:00,74,100
09:50:00,74,100
10:00:00,74,100
10:10:00,74,100
10:20:00,74,100
10:30:00,74,100
10:40:00,74,100
10:50:00,74,100
11:00:00,74,100
11:10:00,74,100
11:20:00,74,100
11:30:00,74,100
11:40:00,74,100
11:50:00,74,100
12:00:00,75,100
12:10:00,75,100
12:20:00,75,100
12:30:00,75,100
12:40:00,75,100
12:50:00,75,100
13:00:00,75,100
13:10:00,75,100
13:20:00,75,100
13:30:00,75,100
13:40:00,75,100
13:50:00,75,100
14:00:00,75,100
14:10:00,74,100
14:20:00,74,100
14:30:00,73,100
14:40:00,72,100
14:50:00,71,100
15:00:00,71,100
15:10:00,71,100
15:20:00,71,100
15:30:00,71,100
15:40:00,71,100
15:50:00,71,100
16:00:00,71,100
16:10:00,71,100
16:20:00,71,100
16:30:00,71,100
16:40:00,71,100
16:50:00,71,100
17:00:00,71,100
17:10:00,71,100
17:20:00,71,100
17:30:00,71,100
17:40:00,71,99
17:50:00,71,99
18:00:00,71,99
18:10:00,71,99
18:20:00,72,100
18:30:00,72,100
18:40:00,72,100
18:50:00,72,100
19:00:00,72,99
19:10:00,72,99
19:20:00,71,99
19:30:00,72,99
19:40:00,72,99
19:50:00,72,99
20:00:00,72,99
20:10:00,73,100
20:20:00,73,100
20:30:00,73,100
20:40:00,73,100
20:50:00,73,100
21:00:00,74,100
21:10:00,74,100
21:20:00,74,100
21:30:00,74,100
21:40:00,74,100
21:50:00,74,100
22:00:00,74,99
22:10:00,73,99
22:20:00,73,99
22:30:00,73,99
22:40:00,73,99
22:50:00,73,99
23:00:00,73,98
23:10:00,73,98
23:20:00,73,98
23:30:00,73,98
23:40:00,73,98
23:50:00,73,98
00:00:00,73,98
00:10:00,73,98
00:20:00,73,98
00:30:00,74,99
00:40:00,74,99
00:50:00,74,99
01:00:00,73,98
01:10:00,73,98
01:20:00,73,98
01:30:00,73,98
01:40:00,73,98
01:50:00,73,98
02:00:00,73,97
02:10:00,73,97
02:20:00,73,97
02:30:00,73,97
02:40:00,73,97
02:50:00,73,97
03:00:00,73,97
03:10:00,73,97
03:20:00,73,97
03:30:00,74,97
03:40:00,74,97
03:50:00,74,97
04:00:00,74,97
04:10:00,74,97
04:20:00,74,97
04:30:00,74,97
04:40:00,74,97
04:50:00,74,97
05:00:00,74,97
05:10:00,74,97
05:20:00,74,97
05:30:00,74,97
05:40:00,74,97
05:50:00,75,97
06:00:00,75,97
06:10:00,75,97
06:20:00,75,97
06:30:00,75,97
06:40:00,75,97
06:50:00,75,97
07:00:00,75,97
07:10:00,75,97
07:20:00,75,97
07:30:00,75,97
07:40:00,75,97
07:50:00,75,97
08:00:00,75,97
08:10:00,75,97
08:20:00,75,97
08:30:00,75,97
08:40:00,75,97
08:50:00,75,97
09:00:00,75,97
09:10:00,75,97
09:20:00,75,97
09:30:00,75,97
09:40:00,75,97
09:50:00,75,97
10:00:00,75,97
10:10:00,75,97
10:20:00,75,97
10:30:00,75,97
10:40:00,75,97
10:50:00,75,97
11:00:00,75,97
11:10:00,75,97
11:20:00,75,97
11:30:00,75,97
11:40:00,75,97
11:50:00,75,97
12:00:00,75,97
12:10:00,75,97
12:20:00,75,97
12:30:00,75,97
12:40:00,75,97
12:50:00,75,97
13:00:00,75,97
13:10:00,75,97
13:20:00,75,97
13:30:00,75,97
13:40:00,75,97
13:50:00,75,97
14:00:00,75,97
14:10:00,75,97
14:20:00,75,97
14:30:00,75,97
14:40:00,75,97
14:50:00,75,97
15:00:00,75,97
15:10:00,74,97
15:20:00,74,97
15:30:00,74,97
15:40:00,74,97
15:50:00,74,97
16:00:00,74,97
16:10:00,74,97
16:20:00,74,97
16:30:00,74,97
16:40:00,74,97
16:50:00,74,97
17:00:00,74,97
17:10:00,74,97
17:20:00,74,97
17:30:00,74,97
17:40:00,74,97
17:50:00,74,97
18:00:00,74,97
18:10:00,74,97
18:20:00,74,97
18:30:00,74,97
18:40:00,74,97
18:50:00,74,97
19:00:00,74,97
19:10:00,74,97
19:20:00,74,97
19:30:00,74,97
19:40:00,74,97
19:50:00,74,97
20:00:00,74,97
20:10:00,73,97
20:20:00,73,97
20:30:00,73,97
20:40:00,73,97
20:50:00,73,97
21:00:00,73,97
21:10:00,73,98
21:20:00,73,98
21:30:00,73,98
21:40:00,73,98
21:50:00,73,98
22:00:00,73,98
22:10:00,73,98
22:20:00,73,98
22:30:00,73,98
22:40:00,73,98
22:50:00,73,98
23:00:00,73,98
23:10:00,73,98
23:20:00,73,98
23:30:00,73,98
23:40:00,73,98
23:50:00,73,98
00:00:00,73,98
00:10:00,73,98
00:20:00,73,98
00:30:00,73,98
00:40:00,73,98
00:50:00,73,98
01:00:00,73,98
01:10:00,72,98
01:20:00,72,98
01:30:00,72,98
01:40:00,72,98
01:50:00,72,98
02:00:00,72,98
02:10:00,72,98
02:20:00,72,98
02:30:00,72,98
02:40:00,72,98
02:50:00,72,98
03:00:00,72,98
03:10:00,72,98
03:20:00,72,98
03:30:00,72,98
03:40:00,72,98
03:50:00,72,98
04:00:00,72,98
04:10:00,72,98
04:20:00,72,98
04:30:00,72,98
04:40:00,72,98
04:50:00,72,98
05:00:00,72,98
05:10:00,72,98
05:20:00,72,98
05:30:00,72,98
05:40:00,72,98
05:50:00,72,98
06:00:00,72,98
06:10:00,72,98
06:20:00,72,98
06:30:00,72,98
06:40:00,72,98
06:50:00,72,98
07:00:00,72,98
07:10:00,72,98
07:20:00,72,98
07:30:00,72,98
07:40:00,72,98
07:50:00,72,98
08:00:00,72,98
08:10:00,72,98
08:20:00,72,98
08:30:00,72,98
08:40:00,72,98
08:50:00,72,98
09:00:00,72,98
09:10:00,72,98
09:20:00,72,98
09:30:00,72,98
09:40:00,72,98
09:50:00,72,98
10:00:00,72,98
10:10:00,72,98
10:20:00,72,98
10:30:00,72,98
10:40:00,72,98
10:50:00,72,98
11:00:00,72,98
11:10:00,72,98
11:20:00,72,98
11:30:00,72,98
11:40:00,72,98
11:50:00,72,98
12:00:00,72,98
12:10:00,72,98
12:20:00,72,98
12:30:00,72,98
12:40:00,72,98
12:50:00,72,98
13:00:00,72,98
13:10:00,72,98
13:20:00,72,98
13:30:00,72,98
13:40:00,72,98
13:50:00,72,98
14:00:00,72,98
14:10:00,72,98
14:20:00,72,98
14:30:00,72,98
14:40:00,72,98
14:50:00,72,98
15:00:00,72,98
15:10:00,72,98
15:20:00,72,98
15:30:00,72,98
15:40:00,72,98
15:50:00,72,98
16:00:00,72,98
16:10:00,72,98
16:20:00,72,98
16:30:00,72,98
16:40:00,72,98
16:50:00,71,98
17:00:00,71,98
17:10:00,71,98
17:20:00,71,98
17:30:00,71,98
17:40:00,71,98
17:50:00,71,98
18:00:00,71,98
18:10:00,71,98
18:20:00,71,98
18:30:00,72,98
18:40:00,73,99
18:50:00,73,99
19:00:00,73,99
19:10:00,73,99
19:20:00,74,99
19:30:00,74,99
19:40:00,74,99
19:50:00,74,99
20:00:00,74,99
20:10:00,74,99
20:20:00,74,99
20:30:00,74,99
20:40:00,74,99
20:50:00,74,99
21:00:00,74,99
21:10:00,74,99
21:20:00,74,99
21:30:00,73,99
21:40:00,73,99
21:50:00,73,99
22:00:00,73,99
22:10:00,73,99
22:20:00,73,99
22:30:00,73,99
22:40:00,73,99
22:50:00,73,99
23:00:00,72,99
23:10:00,72,99
23:20:00,72,99
23:30:00,72,99
23:40:00,72,99
23:50:00,72,99
00:00:00,72,99
00:10:00,72,99
00:20:00,72,99
00:30:00,72,99
00:40:00,72,99
00:50:00,72,99
01:00:00,72,99
01:10:00,72,99
01:20:00,72,99
01:30:00,72,99
01:40:00,72,99
01:50:00,72,99
02:00:00,72,99
02:10:00,72,99
02:20:00,72,99
02:30:00,72,99
02:40:00,72,99
02:50:00,72,99
03:00:00,72,99
03:10:00,72,99
03:20:00,72,99
03:30:00,72,99
03:40:00,72,99
03:50:00,72,99
04:00:00,72,99
04:10:00,72,99
04:20:00,72,99
04:30:00,72,99
04:40:00,72,99
04:50:00,72,99
05:00:00,72,99
05:10:00,72,99
05:20:00,71,99
05:30:00,71,99
05:40:00,71,99
05:50:00,71,99
06:00:00,71,99
06:10:00,71,99
06:20:00,71,99
06:30:00,71,99
06:40:00,71,99
06:50:00,71,99
07:00:00,71,99
07:10:00,71,99
07:20:00,71,99
07:30:00,71,99
07:40:00,71,99
07:50:00,71,99
08:00:00,71,99
08:10:00,71,99
08:20:00,71,99
08:30:00,70,99
08:40:00,70,99
08:50:00,70,99
09:00:00,70,99
09:10:00,70,99
09:20:00,71,99
09:30:00,71,99
09:40:00,71,99
09:50:00,71,99
10:00:00,71,99
10:10:00,71,99
10:20:00,71,99
10:30:00,71,99
10:40:00,71,99
10:50:00,71,99
11:00:00,71,99
11:10:00,71,99
11:20:00,71,99
11:30:00,71,99
11:40:00,71,99
11:50:00,71,99
12:00:00,70,99
12:10:00,70,99
12:20:00,70,99
12:30:00,70,99
12:40:00,70,99
12:50:00,70,99
13:00:00,70,99
13:10:00,70,99
13:20:00,70,99
13:30:00,70,99
13:40:00,70,99
13:50:00,70,99
14:00:00,70,99
14:10:00,70,99
14:20:00,71,99
14:30:00,71,99
14:40:00,71,99
14:50:00,71,99
15:00:00,71,99
15:10:00,72,99
15:20:00,72,99
15:30:00,72,99
15:40:00,72,99
15:50:00,72,99
16:00:00,72,99
16:10:00,72,99
16:20:00,72,99
16:30:00,72,99
16:40:00,72,99
16:50:00,72,99
17:00:00,72,99
17:10:00,72,99
17:20:00,72,99
17:30:00,72,99
17:40:00,72,99
17:50:00,72,99
18:00:00,72,99
18:10:00,72,99
18:20:00,72,99
18:30:00,71,99
18:40:00,71,99
18:50:00,71,99
19:00:00,71,99
19:10:00,71,99
19:20:00,71,99
19:30:00,71,99
19:40:00,71,99
19:50:00,70,99
20:00:00,70,99
20:10:00,70,99
20:20:00,70,99
20:30:00,70,99
20:40:00,70,99
20:50:00,70,99
21:00:00,70,99
21:10:00,70,99
21:20:00,70,99
21:30:00,70,99
21:40:00,70,99
21:50:00,70,99
22:00:00,70,99
22:10:00,70,99
22:20:00,70,99
22:30:00,70,99
22:40:00,70,99
22:50:00,70,99
23:00:00,70,99
23:10:00,70,99
23:20:00,70,99
23:30:00,70,99
23:40:00,70,99
23:50:00,70,99
00:00:00,70,99
00:10:00,70,99
00:20:00,70,99
00:30:00,70,100
00:40:00,70,100
00:50:00,70,100
01:00:00,70,100
01:10:00,70,100
01:20:00,70,100
01:30:00,70,100
01:40:00,70,100
01:50:00,70,100
02:00:00,70,100
02:10:00,70,100
02:20:00,70,100
02:30:00,70,100
02:40:00,70,100
02:50:00,70,100
03:00:00,70,100
03:10:00,70,100
03:20:00,70,100
03:30:00,70,100
03:40:00,70,100
03:50:00,70,100
04:00:00,70,100
04:10:00,70,100
04:20:00,70,100
04:30:00,70,100
04:40:00,70,100
04:50:00,70,100
05:00:00,70,100
05:10:00,70,100
05:20:00,70,100
05:30:00,70,100
05:40:00,70,100
05:50:00,70,100
06:00:00,70,100
06:10:00,70,100
06:20:00,70,100
06:30:00,70,100
06:40:00,70,100
06:50:00,70,100
07:00:00,70,100
07:10:00,70,100
07:20:00,70,100
07:30:00,70,100
07:40:00,70,100
07:50:00,70,100
08:00:00,70,100
08:10:00,70,100
08:20:00,70,100
08:30:00,70,100
08:40:00,70,100
08:50:00,70,100
09:00:00,70,100
09:10:00,70,100
09:20:00,70,100
09:30:00,70,100
09:40:00,70,100
09:50:00,70,100
10:00:00,70,100
10:10:00,70,100
10:20:00,70,100
10:30:00,70,100
10:40:00,70,100
10:50:00,70,100
11:00:00,70,100
11:10:00,70,100
11:20:00,70,100
11:30:00,70,100
11:40:00,70,100
11:50:00,70,100
12:00:00,70,100
12:10:00,70,100
12:20:00,70,100
12:30:00,70,100
12:40:00,70,100
12:50:00,70,100
13:00:00,70,100
13:10:00,70,100
13:20:00,70,100
13:30:00,69,100
13:40:00,69,100
13:50:00,69,100
14:00:00,68,100
14:10:00,68,100
14:20:00,68,100
14:30:00,68,100
14:40:00,68,100
14:50:00,68,100
15:00:00,68,100
15:10:00,68,100
15:20:00,68,100
15:30:00,68,100
15:40:00,68,100
15:50:00,68,100
16:00:00,68,100
16:10:00,68,100
16:20:00,68,100
16:30:00,68,100
16:40:00,68,100
16:50:00,68,100
17:00:00,68,100
17:10:00,69,100
17:20:00,69,100
17:30:00,69,100
17:40:00,69,100
17:50:00,69,100
18:00:00,69,100
18:10:00,69,100
18:20:00,69,100
18:30:00,69,100
18:40:00,69,100
18:50:00,69,100
19:00:00,69,100
19:10:00,69,100
19:20:00,69,100
19:30:00,69,100
19:40:00,69,100
19:50:00,69,100
20:00:00,69,100
20:10:00,69,100
20:20:00,69,100
20:30:00,69,100
20:40:00,69,100
20:50:00,69,100
21:00:00,69,100
21:10:00,69,100
21:20:00,69,100
21:30:00,68,100
21:40:00,68,100
21:50:00,68,100
22:00:00,68,100
22:10:00,68,100
22:20:00,68,100
22:30:00,68,100
22:40:00,68,100
22:50:00,68,100
23:00:00,68,100
23:10:00,68,100
23:20:00,68,100
23:30:00,68,100
23:40:00,68,100
23:50:00,68,100
00:00:00,68,100
00:10:00,68,100
00:20:00,68,100
00:30:00,68,100
00:40:00,68,100
00:50:00,68,100
01:00:00,68,100
01:10:00,68,100
01:20:00,68,100
01:30:00,68,100
01:40:00,68,100
01:50:00,68,100
02:00:00,68,100
02:10:00,68,100
02:20:00,68,100
02:30:00,68,100
02:40:00,68,100
02:50:00,68,100
03:00:00,68,100
03:10:00,68,100
03:20:00,68,100
03:30:00,68,100
03:40:00,68,100
03:50:00,68,100
04:00:00,68,100
04:10:00,68,100
04:20:00,68,100
04:30:00,68,100
04:40:00,68,100
04:50:00,68,100
05:00:00,68,100
05:10:00,68,100
05:20:00,68,100
05:30:00,68,100
05:40:00,68,100
05:50:00,68,100
06:00:00,68,100
06:10:00,68,100
06:20:00,68,100
06:30:00,68,100
06:40:00,68,100
06:50:00,68,100
07:00:00,68,100
07:10:00,68,100
07:20:00,68,100
07:30:00,68,100
07:40:00,68,100
07:50:00,68,100
08:00:00,68,100
08:10:00,68,100
08:20:00,68,100
08:30:00,68,100
08:40:00,68,100
08:50:00,68,100
09:00:00,68,100
09:10:00,68,100
09:20:00,68,100
09:30:00,68,100
09:40:00,68,100
09:50:00,67,100
10:00:00,67,100
10:10:00,67,100
10:20:00,67,100
10:30:00,67,100
10:40:00,67,100
10:50:00,67,100
11:00:00,67,100
11:10:00,67,100
11:20:00,67,100
11:30:00,67,100
11:40:00,67,100
11:50:00,67,100
12:00:00,67,100
12:10:00,67,100
12:20:00,67,100
12:30:00,67,100
12:40:00,67,100
12:50:00,67,100
13:00:00,67,100
13:10:00,67,100
13:20:00,67,100
13:30:00,67,100
13:40:00,67,100
13:50:00,67,100
14:00:00,67,100
14:10:00,67,100
14:20:00,67,100
14:30:00,67,100
14:40:00,67,100
14:50:00,67,100
15:00:00,67,100
15:10:00,67,100
15:20:00,67,100
15:30:00,67,100
15:40:00,67,100
15:50:00,67,100
16:00:00,67,100
16:10:00,67,100
16:20:00,67,100
16:30:00,67,100
16:40:00,67,100
16:50:00,67,100
17:00:00,67,100
17:10:00,67,100
17:20:00,67,100
17:30:00,67,100
17:40:00,67,100
17:50:00,67,100
18:00:00,67,100
18:10:00,67,100
18:20:00,67,100
18:30:00,67,100
18:40:00,67,100
18:50:00,67,100
19:00:00,67,100
19:10:00,67,100
19:20:00,67,100
19:30:00,67,100
19:40:00,67,100
19:50:00,67,100
20:00:00,67,100
20:10:00,67,100
20:20:00,67,100
20:30:00,67,100
20:40:00,67,100
20:50:00,67,100
21:00:00,67,100
21:10:00,67,100
21:20:00,67,100
21:30:00,67,100
21:40:00,67,100
21:50:00,67,100
22:00:00,67,100
22:10:00,67,100
22:20:00,67,100
22:30:00,67,100
22:40:00,67,100
22:50:00,67,100
23:00:00,67,100
23:10:00,67,100
23:20:00,67,100
23:30:00,67,100
23:40:00,67,100
23:50:00,67,100
00:00:00,67,100
00:10:00,67,100
00:20:00,67,100
00:30:00,67,100
00:40:00,67,100
00:50:00,67,100
01:00:00,67,100
01:10:00,67,100
01:20:00,67,100
01:30:00,67,100
01:40:00,67,100
01:50:00,67,100
02:00:00,67,100
02:10:00,67,100
02:20:00,67,100
02:30:00,66,100
02:40:00,66,100
02:50:00,66,100
03:00:00,66,100
03:10:00,66,100
03:20:00,66,100
03:30:00,66,100
03:40:00,66,100
03:50:00,66,100
04:00:00,66,100
04:10:00,66,100
04:20:00,66,100
04:30:00,66,100
04:40:00,66,100
04:50:00,66,100
05:00:00,66,100
05:10:00,66,100
05:20:00,66,100
05:30:00,66,100
05:40:00,66,100
05:50:00,66,100
06:00:00,66,100
06:10:00,66,99
06:20:00,65,99
06:30:00,65,99
06:40:00,65,99
06:50:00,65,99
07:00:00,65,99
07:10:00,65,99
07:20:00,65,99
07:30:00,65,99
07:40:00,65,99
07:50:00,65,99
08:00:00,65,99
08:10:00,65,99
08:20:00,65,99
08:30:00,65,99
08:40:00,65,99
08:50:00,65,99
09:00:00,65,99
09:10:00,65,99
09:20:00,65,99
09:30:00,64,99
09:40:00,64,99
09:50:00,64,99
10:00:00,64,99
10:10:00,64,99
10:20:00,64,99
10:30:00,64,99
10:40:00,64,99
10:50:00,64,99
11:00:00,64,99
11:10:00,64,99
11:20:00,64,99
11:30:00,64,99
11:40:00,64,99
11:50:00,64,99
12:00:00,64,99
12:10:00,64,99
12:20:00,64,99
12:30:00,64,99
12:40:00,64,99
12:50:00,64,99
13:00:00,64,99
13:10:00,64,99
13:20:00,64,99
13:30:00,64,99
13:40:00,64,99
13:50:00,64,99
14:00:00,64,99
14:10:00,64,99
14:20:00,64,99
14:30:00,63,99
14:40:00,63,99
14:50:00,63,99
15:00:00,63,99
15:10:00,63,99
15:20:00,63,99
15:30:00,63,99
15:40:00,63,99
15:50:00,63,99
16:00:00,63,99
16:10:00,63,99
16:20:00,63,99
16:30:00,63,99
16:40:00,63,99
16:50:00,63,99
17:00:00,63,99
17:10:00,63,99
17:20:00,63,99
17:30:00,63,99
17:40:00,63,99
17:50:00,63,98
18:00:00,63,98
18:10:00,63,98
18:20:00,63,98
18:30:00,63,98
18:40:00,63,98
18:50:00,63,98
19:00:00,63,98
19:10:00,63,98
19:20:00,63,98
19:30:00,63,98
19:40:00,63,98
19:50:00,63,98
20:00:00,63,98
20:10:00,63,98
20:20:00,63,98
20:30:00,63,98
20:40:00,63,98
20:50:00,63,98
21:00:00,63,98
21:10:00,63,98
21:20:00,63,98
21:30:00,63,98
21:40:00,63,98
21:50:00,63,98
22:00:00,63,98
22:10:00,63,98
22:20:00,63,98
22:30:00,63,98
22:40:00,63,98
22:50:00,63,98
23:00:00,63,98
23:10:00,63,98
23:20:00,63,98
23:30:00,63,98
23:40:00,63,98
23:50:00,63,98
00:00:00,63,98
00:10:00,63,98
00:20:00,63,98
00:30:00,63,98
00:40:00,63,98
00:50:00,63,98
01:00:00,63,98
01:10:00,63,98
01:20:00,63,98
01:30:00,63,98
01:40:00,62,98
01:50:00,62,98
02:00:00,62,98
02:10:00,62,98
02:20:00,62,98
02:30:00,62,98
02:40:00,62,98
02:50:00,62,98
03:00:00,62,98
03:10:00,62,98
03:20:00,62,97
03:30:00,62,97
03:40:00,62,97
03:50:00,62,97
04:00:00,62,97
04:10:00,62,97
04:20:00,62,97
04:30:00,62,97
04:40:00,62,97
04:50:00,62,97
05:00:00,62,97
05:10:00,62,97
05:20:00,62,97
05:30:00,62,97
05:40:00,61,97
05:50:00,61,97
06:00:00,61,97
06:10:00,61,97
06:20:00,61,97
06:30:00,61,97
06:40:00,61,97
06:50:00,61,97
07:00:00,61,97
07:10:00,61,97
07:20:00,61,97
07:30:00,61,97
07:40:00,61,97
07:50:00,61,97
08:00:00,61,97
08:10:00,61,97
08:20:00,60,97
08:30:00,60,97
08:40:00,60,97
08:50:00,60,97
09:00:00,60,97
09:10:00,60,97
09:20:00,60,96
09:30:00,60,96
09:40:00,60,96
09:50:00,60,96
10:00:00,60,96
10:10:00,60,96
10:20:00,60,96
10:30:00,60,96
10:40:00,60,96
10:50:00,59,96
11:00:00,59,96
11:10:00,59,96
11:20:00,59,96
11:30:00,59,96
11:40:00,59,96
11:50:00,59,96
12:00:00,59,96
12:10:00,59,96
12:20:00,59,96
12:30:00,59,96
12:40:00,59,96
12:50:00,59,96
13:00:00,59,96
13:10:00,58,96
13:20:00,58,96
13:30:00,58,95
13:40:00,58,95
13:50:00,58,95
14:00:00,58,95
14:10:00,58,95
14:20:00,58,95
14:30:00,58,95
14:40:00,58,95
14:50:00,58,95
15:00:00,58,95
15:10:00,58,95
15:20:00,58,95
15:30:00,58,95
15:40:00,58,95
15:50:00,58,95
16:00:00,58,95
16:10:00,58,95
16:20:00,57,95
16:30:00,57,95
16:40:00,57,95
16:50:00,57,95
17:00:00,57,94
17:10:00,57,94
17:20:00,57,94
17:30:00,57,94
17:40:00,57,94
17:50:00,57,94
18:00:00,57,94
18:10:00,57,94
18:20:00,57,94
18:30:00,57,94
18:40:00,57,94
18:50:00,57,94
19:00:00,57,94
19:10:00,57,94
19:20:00,57,94
19:30:00,57,94
19:40:00,57,94
19:50:00,57,94
20:00:00,57,94
20:10:00,57,94
20:20:00,57,94
20:30:00,57,94
20:40:00,57,94
20:50:00,57,94
21:00:00,58,94
21:10:00,58,94
21:20:00,58,94
21:30:00,58,93
21:40:00,58,93
21:50:00,58,93
22:00:00,58,93
22:10:00,58,93
22:20:00,58,93
22:30:00,58,93
22:40:00,58,93
22:50:00,58,93
23:00:00,58,93
23:10:00,58,93
23:20:00,58,93
23:30:00,58,93
23:40:00,58,93
23:50:00,58,93
00:00:00,58,93
00:10:00,58,93
00:20:00,58,93
00:30:00,58,93
00:40:00,57,93
00:50:00,57,93
01:00:00,57,93
01:10:00,57,93
01:20:00,57,93
01:30:00,57,93
01:40:00,57,93
01:50:00,57,93
02:00:00,57,93
02:10:00,57,92
02:20:00,57,92
02:30:00,57,92
02:40:00,57,92
02:50:00,57,92
03:00:00,57,92
03:10:00,57,92
03:20:00,56,92
03:30:00,56,92
03:40:00,56,92
03:50:00,56,92
04:00:00,56,92
04:10:00,56,92
04:20:00,56,92
04:30:00,56,92
04:40:00,56,92
04:50:00,56,92
05:00:00,56,92
05:10:00,56,92
05:20:00,55,91
05:30:00,55,91
05:40:00,55,91
05:50:00,55,91
06:00:00,55,91
06:10:00,55,91
06:20:00,55,91
06:30:00,55,91
06:40:00,55,91
06:50:00,55,91
07:00:00,55,91
07:10:00,54,91
07:20:00,54,91
07:30:00,54,91
07:40:00,54,91
07:50:00,54,91
08:00:00,54,90
08:10:00,54,90
08:20:00,54,90
08:30:00,54,90
08:40:00,54,90
08:50:00,54,90
09:00:00,54,90
09:10:00,53,90
09:20:00,53,90
09:30:00,53,90
09:40:00,53,90
09:50:00,53,90
10:00:00,53,90
10:10:00,53,90
10:20:00,53,90
10:30:00,53,90
10:40:00,53,90
10:50:00,53,89
11:00:00,53,89
11:10:00,53,89
11:20:00,53,89
11:30:00,52,89
11:40:00,52,89
11:50:00,52,89
12:00:00,52,89
12:10:00,52,89
12:20:00,52,89
12:30:00,52,89
12:40:00,52,89
12:50:00,52,89
13:00:00,52,89
13:10:00,52,89
13:20:00,52,89
13:30:00,52,89
13:40:00,52,89
13:50:00,52,89
14:00:00,52,89
14:10:00,52,88
14:20:00,52,88
14:30:00,52,88
14:40:00,52,88
14:50:00,52,88
15:00:00,52,88
15:10:00,52,88
15:20:00,51,88
15:30:00,51,88
15:40:00,51,88
15:50:00,51,88
16:00:00,51,88
16:10:00,51,88
16:20:00,51,88
16:30:00,51,88
16:40:00,51,88
16:50:00,51,88
17:00:00,51,88
17:10:00,51,88
17:20:00,51,88
17:30:00,51,87
17:40:00,51,87
17:50:00,51,87
18:00:00,51,87
18:10:00,50,87
18:20:00,50,87
18:30:00,50,87
18:40:00,50,87
18:50:00,50,87
19:00:00,50,87
19:10:00,50,87
19:20:00,50,87
19:30:00,50,87
19:40:00,50,87
19:50:00,50,87
20:00:00,50,87
20:10:00,50,87
20:20:00,50,87
20:30:00,50,87
20:40:00,50,87
20:50:00,50,87
21:00:00,50,87
21:10:00,50,87
21:20:00,50,87
21:30:00,50,87
21:40:00,50,87
21:50:00,50,87
22:00:00,50,86
22:10:00,50,86
22:20:00,50,86
22:30:00,50,86
22:40:00,50,86
22:50:00,50,86
23:00:00,49,86
23:10:00,49,86
23:20:00,49,86
23:30:00,49,86
23:40:00,49,86
23:50:00,49,86
00:00:00,49,86
00:10:00,49,86
00:20:00,49,86
00:30:00,49,86
00:40:00,49,86
00:50:00,49,86
01:00:00,49,86
01:10:00,48,86
01:20:00,48,86
01:30:00,48,85
01:40:00,48,85
01:50:00,48,85
02:00:00,48,85
02:10:00,48,85
02:20:00,48,85
02:30:00,48,85
02:40:00,48,85
02:50:00,48,85
03:00:00,48,85
03:10:00,48,85
03:20:00,48,85
03:30:00,48,85
03:40:00,48,85
03:50:00,48,85
04:00:00,48,85
04:10:00,48,85
04:20:00,48,85
04:30:00,48,85
04:40:00,48,85
04:50:00,48,85
05:00:00,47,85
05:10:00,47,85
05:20:00,47,85
05:30:00,47,85
05:40:00,47,85
05:50:00,47,85
06:00:00,47,84
06:10:00,47,84
06:20:00,47,84
06:30:00,47,84
06:40:00,47,84
06:50:00,47,84
07:00:00,47,84
07:10:00,47,84
07:20:00,47,84
07:30:00,47,84
07:40:00,47,84
07:50:00,47,84
08:00:00,47,84
08:10:00,46,84
08:20:00,46,84
08:30:00,46,84
08:40:00,46,84
08:50:00,46,84
09:00:00,46,84
09:10:00,46,84
09:20:00,46,84
09:30:00,46,84
09:40:00,46,84
09:50:00,46,84
10:00:00,46,84
10:10:00,46,84
10:20:00,46,84
10:30:00,46,84
10:40:00,46,84
10:50:00,46,84
11:00:00,46,84
11:10:00,46,84
11:20:00,46,84
11:30:00,46,83
11:40:00,46,83
11:50:00,46,83
12:00:00,46,83
12:10:00,46,83
12:20:00,45,83
12:30:00,45,83
12:40:00,45,83
12:50:00,45,83
13:00:00,45,83
13:10:00,45,83
13:20:00,45,83
13:30:00,45,83
13:40:00,45,83
13:50:00,45,83
14:00:00,45,83
14:10:00,45,83
14:20:00,45,83
14:30:00,45,83
14:40:00,45,83
14:50:00,45,83
15:00:00,45,83
15:10:00,45,83
15:20:00,45,83
15:30:00,45,83
15:40:00,45,83
15:50:00,45,83
16:00:00,45,83
16:10:00,45,83
16:20:00,45,83
16:30:00,45,83
16:40:00,45,83
16:50:00,45,83
17:00:00,45,83
17:10:00,45,83
17:20:00,45,83
17:30:00,45,83
17:40:00,45,83
17:50:00,45,83
18:00:00,45,83
18:10:00,45,83
18:20:00,45,83
18:30:00,45,83
18:40:00,45,83
18:50:00,45,83
19:00:00,45,83
19:10:00,45,83
19:20:00,45,83
19:30:00,45,83
19:40:00,45,83
19:50:00,44,83
20:00:00,44,83
20:10:00,44,83
20:20:00,44,83
20:30:00,44,83
20:40:00,44,83
20:50:00,44,83
21:00:00,44,82
21:10:00,44,82
21:20:00,44,82
21:30:00,44,82
21:40:00,44,82
21:50:00,44,82
22:00:00,44,82
22:10:00,44,82
22:20:00,44,82
22:30:00,43,82
22:40:00,43,82
22:50:00,43,82
23:00:00,43,82
23:10:00,43,82
23:20:00,43,82
23:30:00,43,82
23:40:00,43,82
23:50:00,43,82
00:00:00,43,82
00:10:00,43,82
00:20:00,43,82
00:30:00,43,82
00:40:00,43,82
00:50:00,43,82
01:00:00,43,82
01:10:00,43,82
01:20:00,43,82
01:30:00,43,82
01:40:00,43,82
01:50:00,43,82
02:00:00,43,82
02:10:00,42,82
02:20:00,42,82
02:30:00,42,82
02:40:00,42,82
02:50:00,42,82
03:00:00,42,82
03:10:00,42,82
03:20:00,42,82
03:30:00,42,82
03:40:00,42,82
03:50:00,42,82
04:00:00,42,82
04:10:00,42,82
04:20:00,42,82
04:30:00,42,82
04:40:00,42,82
04:50:00,42,82
05:00:00,42,82
05:10:00,42,82
05:20:00,42,81
05:30:00,42,81
05:40:00,42,81
05:50:00,42,81
06:00:00,42,81
06:10:00,42,81
06:20:00,42,81
06:30:00,42,81
06:40:00,42,81
06:50:00,42,81
07:00:00,42,81
07:10:00,42,81
07:20:00,42,81
07:30:00,42,81
07:40:00,41,81
07:50:00,41,81
08:00:00,41,81
08:10:00,41,81
08:20:00,41,81
08:30:00,41,81
08:40:00,41,81
08:50:00,41,81
09:00:00,41,81
09:10:00,41,81
09:20:00,41,81
09:30:00,41,81
09:40:00,41,81
09:50:00,41,81
10:00:00,41,81
10:10:00,41,81
10:20:00,41,81
10:30:00,41,81
10:40:00,41,81
10:50:00,41,81
11:00:00,41,81
11:10:00,41,81
11:20:00,41,81
11:30:00,41,81
11:40:00,41,81
11:50:00,41,81
12:00:00,41,81
12:10:00,40,81
12:20:00,40,81
12:30:00,40,81
12:40:00,40,81
12:50:00,40,81
13:00:00,40,81
13:10:00,40,81
13:20:00,40,81
13:30:00,40,81
13:40:00,40,81
13:50:00,40,81
14:00:00,41,81
14:10:00,41,81
14:20:00,41,81
14:30:00,42,82
14:40:00,43,82
14:50:00,39,81
15:00:00,37,80
15:10:00,35,79
15:20:00,34,78
15:30:00,33,77
15:40:00,32,77
15:50:00,31,76
