ts, lat, lon, mq2_ppm, mq4_ppm, tempC, tdhtC, tbmpC, pres_hPa, hum%, ir, mq4_d, crc

0,1970-01-01 00:00:00,0.000000,0.000000,1,1,23.30,0.0,68,1,0,9F23
0,1970-01-01 00:00:00,0.000000,0.000000,1,1,23.60,0.0,67,1,0,ED84
0,1970-01-01 00:00:00,0.000000,0.000000,1,1,22.80,0.0,67,1,0,BFAB
0,1970-01-01 00:00:00,0.000000,0.000000,1,1,22.70,0.0,67,1,0,795C
0,1970-01-01 00:00:00,0.000000,0.000000,1,1,22.70,0.0,67,1,0,795C
0,1970-01-01 00:00:00,0.000000,0.000000,1,1,22.70,0.0,66,1,0,486F
0,1970-01-01 00:00:00,0.000000,0.000000,1,1,23.10,0.0,66,1,0,B1B8
0,1970-01-01 00:00:00,0.000000,0.000000,1,1,23.20,0.0,65,1,0,AC2B
0,1970-01-01 00:00:00,0.000000,0.000000,1,1,23.00,0.0,66,1,0,DFF3
0,1970-01-01 00:00:00,0.000000,0.000000,1,1,22.90,0.0,65,1,0,5CBA
0,1970-01-01 00:00:00,0.000000,0.000000,1,1,22.80,0.0,65,1,0,DDCD
0,1970-01-01 00:00:00,0.000000,0.000000,1,1,22.70,0.0,65,1,0,1B3A
0,1970-01-01 00:00:00,0.000000,0.000000,1,1,22.60,0.0,65,1,0,55FC
0,1970-01-01 00:00:00,0.000000,0.000000,1,1,22.70,0.0,66,1,0,486F
0,1970-01-01 00:00:00,0.000000,0.000000,1,1,22.80,0.0,67,1,0,BFAB
0,1970-01-01 00:00:00,0.000000,0.000000,2,2,22.70,0.0,69,1,0,E37E
0,1970-01-01 00:00:00,0.000000,0.000000,2,2,22.80,0.0,70,1,0,76DC
0,1970-01-01 00:00:00,0.000000,0.000000,2,2,22.80,0.0,71,1,0,47EF
0,1970-01-01 00:00:00,0.000000,0.000000,6,3,23.00,0.0,71,1,0,C67A
0,1970-01-01 00:00:00,0.000000,0.000000,16,6,0.00,0.0,0,1,0,A6ED
0,1970-01-01 00:00:00,0.000000,0.000000,22,10,0.00,0.0,0,1,0,BDF0
0,1970-01-01 00:00:00,0.000000,0.000000,28,14,0.00,0.0,0,1,0,C0E0
0,1970-01-01 00:00:00,0.000000,0.000000,33,17,0.00,0.0,0,1,0,E4F2
0,1970-01-01 00:00:00,0.000000,0.000000,37,20,0.00,0.0,0,1,0,E001
0,1970-01-01 00:00:00,0.000000,0.000000,41,23,0.00,0.0,0,1,0,B112
0,1970-01-01 00:00:00,0.000000,0.000000,45,25,0.00,0.0,0,1,0,82FF
0,1970-01-01 00:00:00,0.000000,0.000000,48,27,0.00,0.0,0,1,0,3052
0,1970-01-01 00:00:00,0.000000,0.000000,50,29,0.00,0.0,0,1,0,CCAF
0,1970-01-01 00:00:00,0.000000,0.000000,53,30,0.00,0.0,0,1,0,55DA
0,1970-01-01 00:00:00,0.000000,0.000000,55,32,0.00,0.0,0,1,0,F165
0,1970-01-01 00:00:00,0.000000,0.000000,58,34,0.00,0.0,0,1,0,B40E
0,1970-01-01 00:00:00,0.000000,0.000000,60,35,0.00,0.0,0,1,0,A606
0,1970-01-01 00:00:00,0.000000,0.000000,62,37,0.00,0.0,0,1,0,5AFB
0,1970-01-01 00:00:00,0.000000,0.000000,64,38,0.00,0.0,0,1,0,4E6E
0,1970-01-01 00:00:00,0.000000,0.000000,66,39,0.00,0.0,0,1,0,F99B
0,1970-01-01 00:00:00,0.000000,0.000000,68,40,0.00,0.0,0,1,0,7D83
0,1970-01-01 00:00:00,0.000000,0.000000,69,40,0.00,0.0,0,1,0,1CF8
0,1970-01-01 00:00:00,0.000000,0.000000,71,41,0.00,0.0,0,1,0,AB0D
0,1970-01-01 00:00:00,0.000000,0.000000,72,41,0.00,0.0,0,1,0,C696
0,1970-01-01 00:00:00,0.000000,0.000000,74,42,0.00,0.0,0,1,0,9B65
0,1970-01-01 00:00:00,0.000000,0.000000,74,42,0.00,0.0,0,1,0,9B65
0,1970-01-01 00:00:00,0.000000,0.000000,76,42,0.00,0.0,0,1,0,FC6E
0,1970-01-01 00:00:00,0.000000,0.000000,77,43,0.00,0.0,0,1,0,E816
0,1970-01-01 00:00:00,0.000000,0.000000,77,43,0.00,0.0,0,1,0,E816
0,1970-01-01 00:00:00,0.000000,0.000000,78,43,0.00,0.0,0,1,0,4B9B
0,1970-01-01 00:00:00,0.000000,0.000000,79,44,0.00,0.0,0,1,0,61E8
0,1970-01-01 00:00:00,0.000000,0.000000,80,44,0.00,0.0,0,1,0,FBB5
0,1970-01-01 00:00:00,0.000000,0.000000,81,44,0.00,0.0,0,1,0,9ACE
0,1970-01-01 00:00:00,0.000000,0.000000,82,44,0.00,0.0,0,1,0,3943
0,1970-01-01 00:00:00,0.000000,0.000000,82,44,0.00,0.0,0,1,0,3943
0,1970-01-01 00:00:00,0.000000,0.000000,83,44,0.00,0.0,0,1,0,5838
0,1970-01-01 00:00:00,0.000000,0.000000,84,44,0.00,0.0,0,1,0,5E48
0,1970-01-01 00:00:00,0.000000,0.000000,85,45,0.00,0.0,0,1,0,4A30
0,1970-01-01 00:00:00,0.000000,0.000000,86,45,0.00,0.0,0,1,0,E9BD
0,1970-01-01 00:00:00,0.000000,0.000000,87,45,0.00,0.0,0,1,0,88C6
0,1970-01-01 00:00:00,0.000000,0.000000,88,45,0.00,0.0,0,1,0,E55D
0,1970-01-01 00:00:00,0.000000,0.000000,88,46,0.00,0.0,0,1,0,7A58
0,1970-01-01 00:00:00,0.000000,0.000000,89,46,0.00,0.0,0,1,0,1B23
0,1970-01-01 00:00:00,0.000000,0.000000,90,46,0.00,0.0,0,1,0,B8AE
0,1970-01-01 00:00:00,0.000000,0.000000,91,46,0.00,0.0,0,1,0,D9D5
0,1970-01-01 00:00:00,0.000000,0.000000,92,46,0.00,0.0,0,1,0,DFA5
0,1970-01-01 00:00:00,0.000000,0.000000,92,46,0.00,0.0,0,1,0,DFA5
0,1970-01-01 00:00:00,0.000000,0.000000,93,46,0.00,0.0,0,1,0,BEDE
0,1970-01-01 00:00:00,0.000000,0.000000,94,46,0.00,0.0,0,1,0,1D53
0,1970-01-01 00:00:00,0.000000,0.000000,95,46,0.00,0.0,0,1,0,7C28
0,1970-01-01 00:00:00,0.000000,0.000000,96,46,0.00,0.0,0,1,0,29E8
0,1970-01-01 00:00:00,0.000000,0.000000,97,46,0.00,0.0,0,1,0,4893
0,1970-01-01 00:00:00,0.000000,0.000000,97,46,0.00,0.0,0,1,0,4893
0,1970-01-01 00:00:00,0.000000,0.000000,98,46,0.00,0.0,0,1,0,EB1E
0,1970-01-01 00:00:00,0.000000,0.000000,99,46,0.00,0.0,0,1,0,8A65
0,1970-01-01 00:00:00,0.000000,0.000000,100,46,0.00,0.0,0,1,0,8C15
0,1970-01-01 00:00:00,0.000000,0.000000,101,46,0.00,0.0,0,1,0,ED6E
0,1970-01-01 00:00:00,0.000000,0.000000,101,46,0.00,0.0,0,1,0,ED6E
0,1970-01-01 00:00:00,0.000000,0.000000,102,46,0.00,0.0,0,1,0,4EE3
0,1970-01-01 00:00:00,0.000000,0.000000,103,46,0.00,0.0,0,1,0,2F98
0,1970-01-01 00:00:00,0.000000,0.000000,104,46,0.00,0.0,0,1,0,4203
0,1970-01-01 00:00:00,0.000000,0.000000,106,46,0.00,0.0,0,1,0,80F5
0,1970-01-01 00:00:00,0.000000,0.000000,107,46,0.00,0.0,0,1,0,E18E
0,1970-01-01 00:00:00,0.000000,0.000000,108,46,0.00,0.0,0,1,0,E7FE
0,1970-01-01 00:00:00,0.000000,0.000000,109,46,0.00,0.0,0,1,0,8685
0,1970-01-01 00:00:00,0.000000,0.000000,109,46,0.00,0.0,0,1,0,8685
0,1970-01-01 00:00:00,0.000000,0.000000,110,45,0.00,0.0,0,1,0,BA0D
0,1970-01-01 00:00:00,0.000000,0.000000,112,45,0.00,0.0,0,1,0,412B
0,1970-01-01 00:00:00,0.000000,0.000000,113,45,0.00,0.0,0,1,0,2050
0,1970-01-01 00:00:00,0.000000,0.000000,114,45,0.00,0.0,0,1,0,83DD
0,1970-01-01 00:00:00,0.000000,0.000000,115,45,0.00,0.0,0,1,0,E2A6
0,1970-01-01 00:00:00,0.000000,0.000000,117,45,0.00,0.0,0,1,0,85AD
0,1970-01-01 00:00:00,0.000000,0.000000,118,45,0.00,0.0,0,1,0,2620
0,1970-01-01 00:00:00,0.000000,0.000000,119,45,0.00,0.0,0,1,0,475B
0,1970-01-01 00:00:00,0.000000,0.000000,119,45,0.00,0.0,0,1,0,475B
0,1970-01-01 00:00:00,0.000000,0.000000,121,44,0.00,0.0,0,1,0,3EB8
0,1970-01-01 00:00:00,0.000000,0.000000,122,44,0.00,0.0,0,1,0,9D35
0,1970-01-01 00:00:00,0.000000,0.000000,123,44,0.00,0.0,0,1,0,FC4E
0,1970-01-01 00:00:00,0.000000,0.000000,125,44,0.00,0.0,0,1,0,9B45
0,1970-01-01 00:00:00,0.000000,0.000000,126,44,0.00,0.0,0,1,0,38C8
0,1970-01-01 00:00:00,0.000000,0.000000,128,44,0.00,0.0,0,1,0,CD0F
0,1970-01-01 00:00:00,0.000000,0.000000,129,44,0.00,0.0,0,1,0,AC74
0,1970-01-01 00:00:00,0.000000,0.000000,131,44,0.00,0.0,0,1,0,6E82
0,1970-01-01 00:00:00,0.000000,0.000000,132,44,0.00,0.0,0,1,0,68F2
0,1970-01-01 00:00:00,0.000000,0.000000,134,44,0.00,0.0,0,1,0,AA04
0,1970-01-01 00:00:00,0.000000,0.000000,135,44,0.00,0.0,0,1,0,CB7F
0,1970-01-01 00:00:00,0.000000,0.000000,135,44,0.00,0.0,0,1,0,CB7F
0,1970-01-01 00:00:00,0.000000,0.000000,137,44,0.00,0.0,0,1,0,C79F
0,1970-01-01 00:00:00,0.000000,0.000000,140,44,0.00,0.0,0,1,0,319
0,1970-01-01 00:00:00,0.000000,0.000000,140,44,0.00,0.0,0,1,0,319
0,1970-01-01 00:00:00,0.000000,0.000000,142,44,0.00,0.0,0,1,0,C1EF
0,1970-01-01 00:00:00,0.000000,0.000000,143,44,0.00,0.0,0,1,0,A094
0,1970-01-01 00:00:00,0.000000,0.000000,145,44,0.00,0.0,0,1,0,5BB2
0,1970-01-01 00:00:00,0.000000,0.000000,147,44,0.00,0.0,0,1,0,9944
0,1970-01-01 00:00:00,0.000000,0.000000,149,44,0.00,0.0,0,1,0,FE4F
0,1970-01-01 00:00:00,0.000000,0.000000,150,44,0.00,0.0,0,1,0,5DC2
0,1970-01-01 00:00:00,0.000000,0.000000,152,44,0.00,0.0,0,1,0,5122
0,1970-01-01 00:00:00,0.000000,0.000000,154,44,0.00,0.0,0,1,0,93D4
0,1970-01-01 00:00:00,0.000000,0.000000,156,43,0.00,0.0,0,1,0,BFD7
0,1970-01-01 00:00:00,0.000000,0.000000,158,43,0.00,0.0,0,1,0,7D21
0,1970-01-01 00:00:00,0.000000,0.000000,158,43,0.00,0.0,0,1,0,7D21
0,1970-01-01 00:00:00,0.000000,0.000000,159,43,0.00,0.0,0,1,0,1C5A
0,1970-01-01 00:00:00,0.000000,0.000000,161,43,0.00,0.0,0,1,0,28E1
0,1970-01-01 00:00:00,0.000000,0.000000,163,43,0.00,0.0,0,1,0,EA17
0,1970-01-01 00:00:00,0.000000,0.000000,165,43,0.00,0.0,0,1,0,8D1C
0,1970-01-01 00:00:00,0.000000,0.000000,167,43,0.00,0.0,0,1,0,4FEA
0,1970-01-01 00:00:00,0.000000,0.000000,169,43,0.00,0.0,0,1,0,430A
0,1970-01-01 00:00:00,0.000000,0.000000,171,43,0.00,0.0,0,1,0,81FC
0,1970-01-01 00:00:00,0.000000,0.000000,174,43,0.00,0.0,0,1,0,457A
0,1970-01-01 00:00:00,0.000000,0.000000,176,43,0.00,0.0,0,1,0,BE5C
0,1970-01-01 00:00:00,0.000000,0.000000,176,43,0.00,0.0,0,1,0,BE5C
0,1970-01-01 00:00:00,0.000000,0.000000,178,43,0.00,0.0,0,1,0,7CAA
0,1970-01-01 00:00:00,0.000000,0.000000,180,42,0.00,0.0,0,1,0,6EA2
0,1970-01-01 00:00:00,0.000000,0.000000,182,42,0.00,0.0,0,1,0,AC54
0,1970-01-01 00:00:00,0.000000,0.000000,185,42,0.00,0.0,0,1,0,C1CF
0,1970-01-01 00:00:00,0.000000,0.000000,187,42,0.00,0.0,0,1,0,339
0,1970-01-01 00:00:00,0.000000,0.000000,187,42,0.00,0.0,0,1,0,339
0,1970-01-01 00:00:00,0.000000,0.000000,189,42,0.00,0.0,0,1,0,6432
0,1970-01-01 00:00:00,0.000000,0.000000,191,42,0.00,0.0,0,1,0,A6C4
0,1970-01-01 00:00:00,0.000000,0.000000,194,42,0.00,0.0,0,1,0,8ED9
0,1970-01-01 00:00:00,0.000000,0.000000,196,41,0.00,0.0,0,1,0,76D7
0,1970-01-01 00:00:00,0.000000,0.000000,196,41,0.00,0.0,0,1,0,76D7
0,1970-01-01 00:00:00,0.000000,0.000000,199,41,0.00,0.0,0,1,0,D55A
0,1970-01-01 00:00:00,0.000000,0.000000,201,41,0.00,0.0,0,1,0,D9BA
0,1970-01-01 00:00:00,0.000000,0.000000,204,42,0.00,0.0,0,1,0,8239
0,1970-01-01 00:00:00,0.000000,0.000000,206,41,0.00,0.0,0,1,0,DFCA
0,1970-01-01 00:00:00,0.000000,0.000000,206,42,0.00,0.0,0,1,0,40CF
0,1970-01-01 00:00:00,0.000000,0.000000,209,42,0.00,0.0,0,1,0,DA92
0,1970-01-01 00:00:00,0.000000,0.000000,212,42,0.00,0.0,0,1,0,1E14
0,1970-01-01 00:00:00,0.000000,0.000000,215,42,0.00,0.0,0,1,0,BD99
0,1970-01-01 00:00:00,0.000000,0.000000,215,42,0.00,0.0,0,1,0,BD99
0,1970-01-01 00:00:00,0.000000,0.000000,217,42,0.00,0.0,0,1,0,B179
0,1970-01-01 00:00:00,0.000000,0.000000,223,43,0.00,0.0,0,1,0,A371
0,1970-01-01 00:00:00,0.000000,0.000000,229,44,0.00,0.0,0,1,0,793F
0,1970-01-01 00:00:00,0.000000,0.000000,232,44,0.00,0.0,0,1,0,D652
0,1970-01-01 00:00:00,0.000000,0.000000,235,44,0.00,0.0,0,1,0,75DF
0,1970-01-01 00:00:00,0.000000,0.000000,238,44,0.00,0.0,0,1,0,B159
0,1970-01-01 00:00:00,0.000000,0.000000,241,44,0.00,0.0,0,1,0,2B04
0,1970-01-01 00:00:00,0.000000,0.000000,244,44,0.00,0.0,0,1,0,EF82
0,1970-01-01 00:00:00,0.000000,0.000000,244,44,0.00,0.0,0,1,0,EF82
0,1970-01-01 00:00:00,0.000000,0.000000,248,44,0.00,0.0,0,1,0,2194
0,1970-01-01 00:00:00,0.000000,0.000000,248,44,0.00,0.0,0,1,0,2194
0,1970-01-01 00:00:00,0.000000,0.000000,251,44,0.00,0.0,0,1,0,8219
0,1970-01-01 00:00:00,0.000000,0.000000,251,44,0.00,0.0,0,1,0,8219
0,1970-01-01 00:00:00,0.000000,0.000000,251,44,0.00,0.0,0,1,0,8219
0,1970-01-01 00:00:00,0.000000,0.000000,254,44,0.00,0.0,0,1,0,469F
0,1970-01-01 00:00:00,0.000000,0.000000,261,50,0.00,0.0,0,1,0,D2BC
0,1970-01-01 00:00:00,0.000000,0.000000,261,43,0.00,0.0,0,1,0,5F93
0,1970-01-01 00:00:00,0.000000,0.000000,265,43,0.00,0.0,0,1,0,9185
0,1970-01-01 00:00:00,0.000000,0.000000,265,43,0.00,0.0,0,1,0,9185
0,1970-01-01 00:00:00,0.000000,0.000000,265,43,0.00,0.0,0,1,0,9185
0,1970-01-01 00:00:00,0.000000,0.000000,268,43,0.00,0.0,0,1,0,5503
0,1970-01-01 00:00:00,0.000000,0.000000,268,43,0.00,0.0,0,1,0,5503
0,1970-01-01 00:00:00,0.000000,0.000000,268,43,0.00,0.0,0,1,0,5503
0,1970-01-01 00:00:00,0.000000,0.000000,272,43,0.00,0.0,0,1,0,6CD3
0,1970-01-01 00:00:00,0.000000,0.000000,272,43,0.00,0.0,0,1,0,6CD3
0,1970-01-01 00:00:00,0.000000,0.000000,272,43,0.00,0.0,0,1,0,6CD3
0,1970-01-01 00:00:00,0.000000,0.000000,272,43,0.00,0.0,0,1,0,6CD3
0,1970-01-01 00:00:00,0.000000,0.000000,276,43,0.00,0.0,0,1,0,C92E
0,1970-01-01 00:00:00,0.000000,0.000000,276,43,0.00,0.0,0,1,0,C92E
0,1970-01-01 00:00:00,0.000000,0.000000,279,43,0.00,0.0,0,1,0,6AA3
0,1970-01-01 00:00:00,0.000000,0.000000,279,42,0.00,0.0,0,1,0,1FA0
0,1970-01-01 00:00:00,0.000000,0.000000,279,42,0.00,0.0,0,1,0,1FA0
0,1970-01-01 00:00:00,0.000000,0.000000,279,42,0.00,0.0,0,1,0,1FA0
0,1970-01-01 00:00:00,0.000000,0.000000,279,42,0.00,0.0,0,1,0,1FA0
0,1970-01-01 00:00:00,0.000000,0.000000,283,42,0.00,0.0,0,1,0,D1B6
0,1970-01-01 00:00:00,0.000000,0.000000,283,42,0.00,0.0,0,1,0,D1B6
0,1970-01-01 00:00:00,0.000000,0.000000,283,41,0.00,0.0,0,1,0,4EB3
0,1970-01-01 00:00:00,0.000000,0.000000,287,41,0.00,0.0,0,1,0,EB4E
0,1970-01-01 00:00:00,0.000000,0.000000,287,41,0.00,0.0,0,1,0,EB4E
0,1970-01-01 00:00:00,0.000000,0.000000,287,41,0.00,0.0,0,1,0,EB4E
0,1970-01-01 00:00:00,0.000000,0.000000,287,41,0.00,0.0,0,1,0,EB4E
0,1970-01-01 00:00:00,0.000000,0.000000,291,41,0.00,0.0,0,1,0,1D03
0,1970-01-01 00:00:00,0.000000,0.000000,291,41,0.00,0.0,0,1,0,1D03
0,1970-01-01 00:00:00,0.000000,0.000000,291,41,0.00,0.0,0,1,0,1D03
0,1970-01-01 00:00:00,0.000000,0.000000,295,41,0.00,0.0,0,1,0,B8FE
0,1970-01-01 00:00:00,0.000000,0.000000,295,41,0.00,0.0,0,1,0,B8FE
0,1970-01-01 00:00:00,0.000000,0.000000,295,41,0.00,0.0,0,1,0,B8FE
0,1970-01-01 00:00:00,0.000000,0.000000,295,41,0.00,0.0,0,1,0,B8FE
0,1970-01-01 00:00:00,0.000000,0.000000,295,40,0.00,0.0,0,1,0,CDFD
0,1970-01-01 00:00:00,0.000000,0.000000,295,40,0.00,0.0,0,1,0,CDFD
0,1970-01-01 00:00:00,0.000000,0.000000,295,40,0.00,0.0,0,1,0,CDFD
0,1970-01-01 00:00:00,0.000000,0.000000,295,40,0.00,0.0,0,1,0,CDFD
0,1970-01-01 00:00:00,0.000000,0.000000,295,40,0.00,0.0,0,1,0,CDFD
0,1970-01-01 00:00:00,0.000000,0.000000,299,40,0.00,0.0,0,1,0,3EB
0,1970-01-01 00:00:00,0.000000,0.000000,299,40,0.00,0.0,0,1,0,3EB
0,1970-01-01 00:00:00,0.000000,0.000000,299,40,0.00,0.0,0,1,0,3EB
0,1970-01-01 00:00:00,0.000000,0.000000,299,40,0.00,0.0,0,1,0,3EB
0,1970-01-01 00:00:00,0.000000,0.000000,299,40,0.00,0.0,0,1,0,3EB
0,1970-01-01 00:00:00,0.000000,0.000000,303,40,28.90,0.0,84,1,0,63C3
0,1970-01-01 00:00:00,0.000000,0.000000,303,40,28.80,0.0,84,1,0,E2B4
0,1970-01-01 00:00:00,0.000000,0.000000,303,40,28.80,0.0,84,1,0,E2B4
0,1970-01-01 00:00:00,0.000000,0.000000,303,40,28.70,0.0,84,1,0,2443
0,1970-01-01 00:00:00,0.000000,0.000000,303,40,28.70,0.0,84,1,0,2443
0,1970-01-01 00:00:00,0.000000,0.000000,303,40,28.70,0.0,84,1,0,2443
0,1970-01-01 00:00:00,0.000000,0.000000,303,40,28.60,0.0,84,1,0,6A85
0,1970-01-01 00:00:00,0.000000,0.000000,303,40,28.60,0.0,84,1,0,6A85
0,1970-01-01 00:00:00,0.000000,0.000000,303,40,28.50,0.0,84,1,0,4CE
0,1970-01-01 00:00:00,0.000000,0.000000,303,40,28.50,0.0,84,1,0,4CE
0,1970-01-01 00:00:00,0.000000,0.000000,303,40,28.40,0.0,84,1,0,ECC
0,1970-01-01 00:00:00,0.000000,0.000000,303,40,28.40,0.0,84,1,0,ECC
0,1970-01-01 00:00:00,0.000000,0.000000,303,41,28.40,0.0,84,1,0,7BCF
0,1970-01-01 00:00:00,0.000000,0.000000,303,42,28.50,0.0,84,1,0,EEC8
0,1970-01-01 00:00:00,0.000000,0.000000,303,42,28.90,0.0,84,1,0,89C5
0,1970-01-01 00:00:00,0.000000,0.000000,303,42,29.10,0.0,83,1,0,A00B
0,1970-01-01 00:00:00,0.000000,0.000000,303,42,29.30,0.0,83,1,0,283A
0,1970-01-01 00:00:00,0.000000,0.000000,303,42,29.40,0.0,82,1,0,987E
0,1970-01-01 00:00:00,0.000000,0.000000,299,42,29.50,0.0,82,1,0,3781
0,1970-01-01 00:00:00,0.000000,0.000000,299,42,29.50,0.0,81,1,0,64D4
0,1970-01-01 00:00:00,0.000000,0.000000,299,42,29.60,0.0,81,1,0,A9F
0,1970-01-01 00:00:00,0.000000,0.000000,295,41,29.60,0.0,80,1,0,6ABF
0,1970-01-01 00:00:00,0.000000,0.000000,295,41,29.70,0.0,80,1,0,2479
0,1970-01-01 00:00:00,0.000000,0.000000,295,41,29.80,0.0,79,1,0,AF9D
0,1970-01-01 00:00:00,0.000000,0.000000,295,41,29.80,0.0,79,1,0,AF9D
0,1970-01-01 00:00:00,0.000000,0.000000,295,40,29.90,0.0,79,1,0,5BE9
0,1970-01-01 00:00:00,0.000000,0.000000,299,40,29.90,0.0,78,1,0,A4CC
0,1970-01-01 00:00:00,0.000000,0.000000,295,40,30.00,0.0,78,1,0,EFB
0,1970-01-01 00:00:00,0.000000,0.000000,299,40,30.00,0.0,77,1,0,93B8
0,1970-01-01 00:00:00,0.000000,0.000000,299,40,30.00,0.0,77,1,0,93B8
0,1970-01-01 00:00:00,0.000000,0.000000,299,40,30.10,0.0,76,1,0,CCC0
0,1970-01-01 00:00:00,0.000000,0.000000,299,40,30.10,0.0,76,1,0,CCC0
0,1970-01-01 00:00:00,0.000000,0.000000,299,40,30.10,0.0,76,1,0,CCC0
0,1970-01-01 00:00:00,0.000000,0.000000,299,40,30.20,0.0,75,1,0,159F
0,1970-01-01 00:00:00,0.000000,0.000000,299,40,30.20,0.0,75,1,0,159F
0,1970-01-01 00:00:00,0.000000,0.000000,303,40,30.20,0.0,75,1,0,B062
0,1970-01-01 00:00:00,0.000000,0.000000,303,40,30.30,0.0,74,1,0,47A6
0,1970-01-01 00:00:00,0.000000,0.000000,303,40,30.30,0.0,74,1,0,47A6
0,1970-01-01 00:00:00,0.000000,0.000000,303,39,30.30,0.0,74,1,0,A4B5
0,1970-01-01 00:00:00,0.000000,0.000000,303,39,30.40,0.0,74,1,0,25C2
0,1970-01-01 00:00:00,0.000000,0.000000,303,39,30.50,0.0,74,1,0,2FC0
0,1970-01-01 00:00:00,0.000000,0.000000,303,39,30.50,0.0,73,1,0,7C95
0,1970-01-01 00:00:00,0.000000,0.000000,308,39,30.60,0.0,73,1,0,2D7E
0,1970-01-01 00:00:00,0.000000,0.000000,308,39,30.60,0.0,73,1,0,2D7E
0,1970-01-01 00:00:00,0.000000,0.000000,308,39,30.60,0.0,73,1,0,2D7E
0,1970-01-01 00:00:00,0.000000,0.000000,308,39,30.70,0.0,73,1,0,63B8
0,1970-01-01 00:00:00,0.000000,0.000000,312,39,30.70,0.0,73,1,0,ADAE
0,1970-01-01 00:00:00,0.000000,0.000000,312,39,30.70,0.0,73,1,0,ADAE
0,1970-01-01 00:00:00,0.000000,0.000000,312,39,30.80,0.0,72,1,0,5A6A
0,1970-01-01 00:00:00,0.000000,0.000000,312,39,30.80,0.0,72,1,0,5A6A
0,1970-01-01 00:00:00,0.000000,0.000000,312,39,30.80,0.0,72,1,0,5A6A
0,1970-01-01 00:00:00,0.000000,0.000000,316,39,30.90,0.0,72,1,0,7EE0
0,1970-01-01 00:00:00,0.000000,0.000000,316,39,30.90,0.0,72,1,0,7EE0
0,1970-01-01 00:00:00,0.000000,0.000000,316,40,30.90,0.0,72,1,0,9DF3
0,1970-01-01 00:00:00,0.000000,0.000000,316,39,30.90,0.0,72,1,0,7EE0
0,1970-01-01 00:00:00,0.000000,0.000000,321,39,30.90,0.0,72,1,0,56FD
0,1970-01-01 00:00:00,0.000000,0.000000,321,40,31.00,0.0,72,1,0,65F2
0,1970-01-01 00:00:00,0.000000,0.000000,321,40,31.00,0.0,72,1,0,65F2
0,1970-01-01 00:00:00,0.000000,0.000000,321,40,31.00,0.0,72,1,0,65F2
0,1970-01-01 00:00:00,0.000000,0.000000,325,40,31.00,0.0,72,1,0,C00F
0,1970-01-01 00:00:00,0.000000,0.000000,325,40,31.10,0.0,72,1,0,AE44
0,1970-01-01 00:00:00,0.000000,0.000000,325,40,31.10,0.0,72,1,0,AE44
0,1970-01-01 00:00:00,0.000000,0.000000,325,40,31.20,0.0,72,1,0,E082
0,1970-01-01 00:00:00,0.000000,0.000000,325,40,31.20,0.0,72,1,0,E082
0,1970-01-01 00:00:00,0.000000,0.000000,330,40,31.20,0.0,72,1,0,8D19
0,1970-01-01 00:00:00,0.000000,0.000000,330,40,31.20,0.0,72,1,0,8D19
0,1970-01-01 00:00:00,0.000000,0.000000,330,40,31.20,0.0,72,1,0,8D19
0,1970-01-01 00:00:00,0.000000,0.000000,330,40,31.30,0.0,72,1,0,4BEE
0,1970-01-01 00:00:00,0.000000,0.000000,330,40,31.30,0.0,72,1,0,4BEE
0,1970-01-01 00:00:00,0.000000,0.000000,335,40,31.30,0.0,72,1,0,8F68
0,1970-01-01 00:00:00,0.000000,0.000000,335,40,31.30,0.0,72,1,0,8F68
0,1970-01-01 00:00:00,0.000000,0.000000,335,40,31.30,0.0,72,1,0,8F68
0,1970-01-01 00:00:00,0.000000,0.000000,340,40,31.40,0.0,72,1,0,31BF
0,1970-01-01 00:00:00,0.000000,0.000000,340,40,31.40,0.0,72,1,0,31BF
0,1970-01-01 00:00:00,0.000000,0.000000,340,40,31.40,0.0,72,1,0,31BF
0,1970-01-01 00:00:00,0.000000,0.000000,340,40,31.50,0.0,72,1,0,3BBD
0,1970-01-01 00:00:00,0.000000,0.000000,340,40,31.50,0.0,72,1,0,3BBD
0,1970-01-01 00:00:00,0.000000,0.000000,345,40,31.50,0.0,72,1,0,94D0
0,1970-01-01 00:00:00,0.000000,0.000000,345,40,31.50,0.0,72,1,0,94D0
0,1970-01-01 00:00:00,0.000000,0.000000,345,40,31.60,0.0,72,1,0,FA9B
0,1970-01-01 00:00:00,0.000000,0.000000,345,40,31.60,0.0,72,1,0,FA9B
0,1970-01-01 00:00:00,0.000000,0.000000,350,40,31.60,0.0,72,1,0,FCEB
0,1970-01-01 00:00:00,0.000000,0.000000,350,40,31.60,0.0,72,1,0,FCEB
0,1970-01-01 00:00:00,0.000000,0.000000,350,40,31.70,0.0,72,1,0,B22D
0,1970-01-01 00:00:00,0.000000,0.000000,350,40,31.70,0.0,72,1,0,B22D
0,1970-01-01 00:00:00,0.000000,0.000000,355,40,31.70,0.0,72,1,0,251B
0,1970-01-01 00:00:00,0.000000,0.000000,355,40,31.70,0.0,72,1,0,251B
0,1970-01-01 00:00:00,0.000000,0.000000,355,40,31.70,0.0,72,1,0,251B
0,1970-01-01 00:00:00,0.000000,0.000000,355,40,31.70,0.0,72,1,0,251B
0,1970-01-01 00:00:00,0.000000,0.000000,355,40,31.70,0.0,72,1,0,251B
0,1970-01-01 00:00:00,0.000000,0.000000,355,40,31.80,0.0,72,1,0,E3EC
0,1970-01-01 00:00:00,0.000000,0.000000,360,40,31.80,0.0,72,1,0,2B8A
0,1970-01-01 00:00:00,0.000000,0.000000,360,40,31.80,0.0,72,1,0,2B8A
0,1970-01-01 00:00:00,0.000000,0.000000,360,40,31.80,0.0,72,1,0,2B8A
0,1970-01-01 00:00:00,0.000000,0.000000,360,40,31.80,0.0,72,1,0,2B8A
0,1970-01-01 00:00:00,0.000000,0.000000,365,40,31.80,0.0,72,1,0,EF0C
0,1970-01-01 00:00:00,0.000000,0.000000,365,39,31.80,0.0,72,1,0,C1F
0,1970-01-01 00:00:00,0.000000,0.000000,365,38,31.90,0.0,72,1,0,F86B
0,1970-01-01 00:00:00,0.000000,0.000000,365,38,31.60,0.0,72,1,0,F12D
0,1970-01-01 00:00:00,0.000000,0.000000,365,38,31.30,0.0,73,1,0,2520
0,1970-01-01 00:00:00,0.000000,0.000000,365,38,31.00,0.0,73,1,0,C35A
0,1970-01-01 00:00:00,0.000000,0.000000,365,40,30.80,0.0,74,1,0,5774
0,1970-01-01 00:00:00,0.000000,0.000000,365,39,30.80,0.0,75,1,0,8554
0,1970-01-01 00:00:00,0.000000,0.000000,365,39,31.00,0.0,74,1,0,E50C
0,1970-01-01 00:00:00,0.000000,0.000000,371,40,30.90,0.0,75,1,0,1C16
0,1970-01-01 00:00:00,0.000000,0.000000,365,40,31.00,0.0,75,1,0,372C
0,1970-01-01 00:00:00,0.000000,0.000000,371,40,31.20,0.0,74,1,0,DDB4
0,1970-01-01 00:00:00,0.000000,0.000000,376,40,31.30,0.0,74,1,0,D325
0,1970-01-01 00:00:00,0.000000,0.000000,376,40,31.40,0.0,74,1,0,5252
0,1970-01-01 00:00:00,0.000000,0.000000,376,40,31.40,0.0,74,1,0,5252
0,1970-01-01 00:00:00,0.000000,0.000000,376,39,31.50,0.0,74,1,0,BB43
0,1970-01-01 00:00:00,0.000000,0.000000,376,39,31.60,0.0,73,1,0,865D
0,1970-01-01 00:00:00,0.000000,0.000000,376,39,31.50,0.0,72,1,0,D925
0,1970-01-01 00:00:00,0.000000,0.000000,382,39,31.60,0.0,72,1,0,D065
0,1970-01-01 00:00:00,0.000000,0.000000,382,38,31.60,0.0,72,1,0,A566
0,1970-01-01 00:00:00,0.000000,0.000000,382,38,31.60,0.0,71,1,0,9B76
0,1970-01-01 00:00:00,0.000000,0.000000,382,38,31.70,0.0,71,1,0,D5B0
0,1970-01-01 00:00:00,0.000000,0.000000,382,38,31.70,0.0,71,1,0,D5B0
0,1970-01-01 00:00:00,0.000000,0.000000,382,38,31.70,0.0,71,1,0,D5B0
0,1970-01-01 00:00:00,0.000000,0.000000,382,38,31.70,0.0,71,1,0,D5B0
0,1970-01-01 00:00:00,0.000000,0.000000,387,38,31.80,0.0,71,1,0,450D
0,1970-01-01 00:00:00,0.000000,0.000000,387,38,31.80,0.0,71,1,0,450D
0,1970-01-01 00:00:00,0.000000,0.000000,387,38,31.80,0.0,71,1,0,450D
0,1970-01-01 00:00:00,0.000000,0.000000,387,38,31.80,0.0,71,1,0,450D
0,1970-01-01 00:00:00,0.000000,0.000000,387,39,31.80,0.0,71,1,0,300E
0,1970-01-01 00:00:00,0.000000,0.000000,387,39,31.80,0.0,71,1,0,300E
0,1970-01-01 00:00:00,0.000000,0.000000,393,39,31.80,0.0,71,1,0,9913
0,1970-01-01 00:00:00,0.000000,0.000000,387,39,31.80,0.0,71,1,0,300E
0,1970-01-01 00:00:00,0.000000,0.000000,393,39,31.80,0.0,71,1,0,9913
0,1970-01-01 00:00:00,0.000000,0.000000,393,39,31.90,0.0,71,1,0,1864
0,1970-01-01 00:00:00,0.000000,0.000000,393,39,31.90,0.0,71,1,0,1864
0,1970-01-01 00:00:00,0.000000,0.000000,393,39,31.90,0.0,71,1,0,1864
0,1970-01-01 00:00:00,0.000000,0.000000,399,39,31.90,0.0,71,1,0,7F6F
0,1970-01-01 00:00:00,0.000000,0.000000,399,39,31.90,0.0,72,1,0,417F
0,1970-01-01 00:00:00,0.000000,0.000000,399,39,31.90,0.0,72,1,0,417F
0,1970-01-01 00:00:00,0.000000,0.000000,399,39,32.00,0.0,72,1,0,9EF6
0,1970-01-01 00:00:00,0.000000,0.000000,399,39,31.90,0.0,72,1,0,417F
0,1970-01-01 00:00:00,0.000000,0.000000,399,39,32.00,0.0,72,1,0,9EF6
0,1970-01-01 00:00:00,0.000000,0.000000,399,39,32.00,0.0,72,1,0,9EF6
0,1970-01-01 00:00:00,0.000000,0.000000,405,39,32.00,0.0,72,1,0,C02D
0,1970-01-01 00:00:00,0.000000,0.000000,405,39,32.00,0.0,72,1,0,C02D
0,1970-01-01 00:00:00,0.000000,0.000000,405,39,32.00,0.0,72,1,0,C02D
0,1970-01-01 00:00:00,0.000000,0.000000,405,39,32.00,0.0,72,1,0,C02D
0,1970-01-01 00:00:00,0.000000,0.000000,405,40,32.10,0.0,72,1,0,63CB
0,1970-01-01 00:00:00,0.000000,0.000000,405,40,32.10,0.0,72,1,0,63CB
0,1970-01-01 00:00:00,0.000000,0.000000,405,40,32.00,0.0,73,1,0,120D
0,1970-01-01 00:00:00,0.000000,0.000000,411,40,32.10,0.0,73,1,0,5E18
0,1970-01-01 00:00:00,0.000000,0.000000,411,40,32.10,0.0,73,1,0,5E18
0,1970-01-01 00:00:00,0.000000,0.000000,411,40,32.10,0.0,73,1,0,5E18
0,1970-01-01 00:00:00,0.000000,0.000000,411,40,32.10,0.0,73,1,0,5E18
0,1970-01-01 00:00:00,0.000000,0.000000,411,40,32.10,0.0,73,1,0,5E18
0,1970-01-01 00:00:00,0.000000,0.000000,411,40,32.10,0.0,73,1,0,5E18
0,1970-01-01 00:00:00,0.000000,0.000000,418,40,32.10,0.0,73,1,0,6CD3
0,1970-01-01 00:00:00,0.000000,0.000000,418,40,32.20,0.0,73,1,0,426D
0,1970-01-01 00:00:00,0.000000,0.000000,418,40,32.20,0.0,73,1,0,426D
0,1970-01-01 00:00:00,0.000000,0.000000,418,40,32.20,0.0,73,1,0,426D
0,1970-01-01 00:00:00,0.000000,0.000000,418,40,32.20,0.0,73,1,0,426D
0,1970-01-01 00:00:00,0.000000,0.000000,418,40,32.20,0.0,73,1,0,426D
0,1970-01-01 00:00:00,0.000000,0.000000,424,40,32.20,0.0,73,1,0,EB70
0,1970-01-01 00:00:00,0.000000,0.000000,424,40,32.20,0.0,73,1,0,EB70
0,1970-01-01 00:00:00,0.000000,0.000000,418,40,32.20,0.0,73,1,0,426D
0,1970-01-01 00:00:00,0.000000,0.000000,424,40,32.20,0.0,73,1,0,EB70
0,1970-01-01 00:00:00,0.000000,0.000000,424,40,32.20,0.0,73,1,0,EB70
0,1970-01-01 00:00:00,0.000000,0.000000,424,40,32.20,0.0,73,1,0,EB70
0,1970-01-01 00:00:00,0.000000,0.000000,424,40,32.20,0.0,73,1,0,EB70
0,1970-01-01 00:00:00,0.000000,0.000000,424,40,32.20,0.0,73,1,0,EB70
0,1970-01-01 00:00:00,0.000000,0.000000,431,40,32.20,0.0,73,1,0,ED00
0,1970-01-01 00:00:00,0.000000,0.000000,431,40,32.20,0.0,73,1,0,ED00
0,1970-01-01 00:00:00,0.000000,0.000000,424,40,32.20,0.0,73,1,0,EB70
0,1970-01-01 00:00:00,0.000000,0.000000,431,40,32.30,0.0,73,1,0,42C9
0,1970-01-01 00:00:00,0.000000,0.000000,431,40,32.30,0.0,73,1,0,42C9
0,1970-01-01 00:00:00,0.000000,0.000000,431,40,32.30,0.0,73,1,0,42C9
0,1970-01-01 00:00:00,0.000000,0.000000,431,40,32.30,0.0,73,1,0,42C9
0,1970-01-01 00:00:00,0.000000,0.000000,431,40,32.30,0.0,73,1,0,42C9
0,1970-01-01 00:00:00,0.000000,0.000000,437,40,32.30,0.0,73,1,0,1C12
0,1970-01-01 00:00:00,0.000000,0.000000,431,40,32.20,0.0,73,1,0,ED00
0,1970-01-01 00:00:00,0.000000,0.000000,437,40,32.30,0.0,73,1,0,1C12
0,1970-01-01 00:00:00,0.000000,0.000000,437,40,32.30,0.0,73,1,0,1C12
0,1970-01-01 00:00:00,0.000000,0.000000,437,40,32.30,0.0,73,1,0,1C12
0,1970-01-01 00:00:00,0.000000,0.000000,437,40,32.40,0.0,73,1,0,FD1D
0,1970-01-01 00:00:00,0.000000,0.000000,437,40,32.30,0.0,73,1,0,1C12
0,1970-01-01 00:00:00,0.000000,0.000000,437,40,32.40,0.0,73,1,0,FD1D
0,1970-01-01 00:00:00,0.000000,0.000000,444,40,32.40,0.0,73,1,0,F78D
0,1970-01-01 00:00:00,0.000000,0.000000,444,40,32.40,0.0,73,1,0,F78D
0,1970-01-01 00:00:00,0.000000,0.000000,444,40,32.40,0.0,73,1,0,F78D
0,1970-01-01 00:00:00,0.000000,0.000000,444,40,32.40,0.0,73,1,0,F78D
0,1970-01-01 00:00:00,0.000000,0.000000,444,40,32.50,0.0,73,1,0,718F
0,1970-01-01 00:00:00,0.000000,0.000000,444,40,32.50,0.0,73,1,0,718F
0,1970-01-01 00:00:00,0.000000,0.000000,444,40,32.50,0.0,73,1,0,718F
0,1970-01-01 00:00:00,0.000000,0.000000,444,40,32.50,0.0,73,1,0,718F
0,1970-01-01 00:00:00,0.000000,0.000000,451,38,32.50,0.0,73,1,0,D74
0,1970-01-01 00:00:00,0.000000,0.000000,451,38,32.50,0.0,72,1,0,3C47
0,1970-01-01 00:00:00,0.000000,0.000000,451,39,32.20,0.0,73,1,0,B0B3
0,1970-01-01 00:00:00,0.000000,0.000000,451,38,32.00,0.0,73,1,0,ABFB
0,1970-01-01 00:00:00,0.000000,0.000000,458,38,32.00,0.0,73,1,0,A16B
0,1970-01-01 00:00:00,0.000000,0.000000,451,38,31.90,0.0,74,1,0,2727
0,1970-01-01 00:00:00,0.000000,0.000000,458,39,31.80,0.0,74,1,0,D9C3
0,1970-01-01 00:00:00,0.000000,0.000000,458,40,31.70,0.0,75,1,0,CD14
0,1970-01-01 00:00:00,0.000000,0.000000,458,40,31.60,0.0,76,1,0,144B
0,1970-01-01 00:00:00,0.000000,0.000000,458,40,31.60,0.0,77,1,0,2578
0,1970-01-01 00:00:00,0.000000,0.000000,465,40,31.70,0.0,78,1,0,74B
0,1970-01-01 00:00:00,0.000000,0.000000,465,40,31.60,0.0,78,1,0,498D
0,1970-01-01 00:00:00,0.000000,0.000000,465,40,31.70,0.0,78,1,0,74B
0,1970-01-01 00:00:00,0.000000,0.000000,465,40,31.60,0.0,79,1,0,78BE
0,1970-01-01 00:00:00,0.000000,0.000000,465,41,31.60,0.0,79,1,0,DBD
0,1970-01-01 00:00:00,0.000000,0.000000,465,41,31.60,0.0,79,1,0,DBD
0,1970-01-01 00:00:00,0.000000,0.000000,465,40,31.60,0.0,79,1,0,78BE
0,1970-01-01 00:00:00,0.000000,0.000000,473,40,31.60,0.0,79,1,0,1355
0,1970-01-01 00:00:00,0.000000,0.000000,465,41,31.50,0.0,79,1,0,63F6
0,1970-01-01 00:00:00,0.000000,0.000000,465,41,31.50,0.0,79,1,0,63F6
0,1970-01-01 00:00:00,0.000000,0.000000,465,41,31.60,0.0,79,1,0,DBD
0,1970-01-01 00:00:00,0.000000,0.000000,465,40,31.60,0.0,79,1,0,78BE
0,1970-01-01 00:00:00,0.000000,0.000000,465,40,31.70,0.0,79,1,0,3678
0,1970-01-01 00:00:00,0.000000,0.000000,473,40,31.70,0.0,79,1,0,5D93
0,1970-01-01 00:00:00,0.000000,0.000000,465,41,31.60,0.0,79,1,0,DBD
0,1970-01-01 00:00:00,0.000000,0.000000,473,41,31.60,0.0,80,1,0,2B45
0,1970-01-01 00:00:00,0.000000,0.000000,473,40,31.50,0.0,80,1,0,300D
0,1970-01-01 00:00:00,0.000000,0.000000,473,40,31.50,0.0,80,1,0,300D
0,1970-01-01 00:00:00,0.000000,0.000000,473,41,31.50,0.0,80,1,0,450E
0,1970-01-01 00:00:00,0.000000,0.000000,473,40,31.50,0.0,80,1,0,300D
0,1970-01-01 00:00:00,0.000000,0.000000,473,40,31.50,0.0,80,1,0,300D
0,1970-01-01 00:00:00,0.000000,0.000000,473,40,31.50,0.0,80,1,0,300D
0,1970-01-01 00:00:00,0.000000,0.000000,473,41,31.50,0.0,80,1,0,450E
0,1970-01-01 00:00:00,0.000000,0.000000,473,41,31.40,0.0,80,1,0,4F0C
0,1970-01-01 00:00:00,0.000000,0.000000,473,41,31.50,0.0,80,1,0,450E
0,1970-01-01 00:00:00,0.000000,0.000000,473,41,31.40,0.0,80,1,0,4F0C
0,1970-01-01 00:00:00,0.000000,0.000000,473,41,31.40,0.0,80,1,0,4F0C
0,1970-01-01 00:00:00,0.000000,0.000000,473,41,31.40,0.0,80,1,0,4F0C
0,1970-01-01 00:00:00,0.000000,0.000000,473,41,31.40,0.0,80,1,0,4F0C
0,1970-01-01 00:00:00,0.000000,0.000000,480,41,31.40,0.0,80,1,0,7DC7
0,1970-01-01 00:00:00,0.000000,0.000000,480,40,31.40,0.0,80,1,0,8C4
0,1970-01-01 00:00:00,0.000000,0.000000,480,40,31.40,0.0,80,1,0,8C4
0,1970-01-01 00:00:00,0.000000,0.000000,480,40,31.40,0.0,79,1,0,45D7
0,1970-01-01 00:00:00,0.000000,0.000000,480,40,31.40,0.0,80,1,0,8C4
0,1970-01-01 00:00:00,0.000000,0.000000,480,40,31.40,0.0,79,1,0,45D7
0,1970-01-01 00:00:00,0.000000,0.000000,480,40,31.20,0.0,80,1,0,4F44
0,1970-01-01 00:00:00,0.000000,0.000000,488,40,31.10,0.0,80,1,0,6A69
0,1970-01-01 00:00:00,0.000000,0.000000,480,40,31.00,0.0,80,1,0,6FC9
0,1970-01-01 00:00:00,0.000000,0.000000,480,40,31.00,0.0,80,1,0,6FC9
0,1970-01-01 00:00:00,0.000000,0.000000,480,40,31.00,0.0,80,1,0,6FC9
0,1970-01-01 00:00:00,0.000000,0.000000,488,40,31.00,0.0,80,1,0,422
0,1970-01-01 00:00:00,0.000000,0.000000,488,40,31.00,0.0,80,1,0,422
0,1970-01-01 00:00:00,0.000000,0.000000,488,40,31.10,0.0,80,1,0,6A69
0,1970-01-01 00:00:00,0.000000,0.000000,488,40,31.00,0.0,80,1,0,422
0,1970-01-01 00:00:00,0.000000,0.000000,488,40,31.00,0.0,79,1,0,4931
0,1970-01-01 00:00:00,0.000000,0.000000,488,40,31.00,0.0,79,1,0,4931
0,1970-01-01 00:00:00,0.000000,0.000000,488,40,30.90,0.0,79,1,0,992D
0,1970-01-01 00:00:00,0.000000,0.000000,488,40,31.00,0.0,80,1,0,422
0,1970-01-01 00:00:00,0.000000,0.000000,488,40,30.90,0.0,80,1,0,D43E
0,1970-01-01 00:00:00,0.000000,0.000000,488,40,30.90,0.0,80,1,0,D43E
0,1970-01-01 00:00:00,0.000000,0.000000,488,40,30.90,0.0,80,1,0,D43E
0,1970-01-01 00:00:00,0.000000,0.000000,488,40,30.90,0.0,80,1,0,D43E
0,1970-01-01 00:00:00,0.000000,0.000000,488,40,31.10,0.0,79,1,0,277A
0,1970-01-01 00:00:00,0.000000,0.000000,488,40,31.30,0.0,77,1,0,CD2D
0,1970-01-01 00:00:00,0.000000,0.000000,488,40,31.40,0.0,77,1,0,4C5A
0,1970-01-01 00:00:00,0.000000,0.000000,488,40,31.50,0.0,76,1,0,776B
0,1970-01-01 00:00:00,0.000000,0.000000,488,40,31.60,0.0,75,1,0,8EB9
0,1970-01-01 00:00:00,0.000000,0.000000,488,39,31.60,0.0,75,1,0,6DAA
0,1970-01-01 00:00:00,0.000000,0.000000,488,39,31.70,0.0,74,1,0,125F
0,1970-01-01 00:00:00,0.000000,0.000000,496,39,31.80,0.0,74,1,0,4885
0,1970-01-01 00:00:00,0.000000,0.000000,488,39,31.80,0.0,74,1,0,D4A8
0,1970-01-01 00:00:00,0.000000,0.000000,496,39,31.80,0.0,74,1,0,4885
0,1970-01-01 00:00:00,0.000000,0.000000,496,39,31.90,0.0,74,1,0,C9F2
0,1970-01-01 00:00:00,0.000000,0.000000,496,39,31.90,0.0,73,1,0,9AA7
0,1970-01-01 00:00:00,0.000000,0.000000,496,39,31.90,0.0,73,1,0,9AA7
0,1970-01-01 00:00:00,0.000000,0.000000,496,39,32.00,0.0,73,1,0,452E
0,1970-01-01 00:00:00,0.000000,0.000000,496,39,32.00,0.0,73,1,0,452E
0,1970-01-01 00:00:00,0.000000,0.000000,496,39,32.00,0.0,73,1,0,452E
0,1970-01-01 00:00:00,0.000000,0.000000,496,40,32.00,0.0,73,1,0,A63D
0,1970-01-01 00:00:00,0.000000,0.000000,496,39,32.00,0.0,73,1,0,452E
0,1970-01-01 00:00:00,0.000000,0.000000,504,40,32.00,0.0,73,1,0,CDD6
0,1970-01-01 00:00:00,0.000000,0.000000,504,40,32.10,0.0,73,1,0,8D23
0,1970-01-01 00:00:00,0.000000,0.000000,504,40,32.10,0.0,73,1,0,8D23
0,1970-01-01 00:00:00,0.000000,0.000000,504,40,32.10,0.0,73,1,0,8D23
0,1970-01-01 00:00:00,0.000000,0.000000,504,40,32.20,0.0,73,1,0,A39D
0,1970-01-01 00:00:00,0.000000,0.000000,504,40,32.20,0.0,73,1,0,A39D
0,1970-01-01 00:00:00,0.000000,0.000000,504,40,32.20,0.0,73,1,0,A39D
0,1970-01-01 00:00:00,0.000000,0.000000,504,40,32.20,0.0,73,1,0,A39D
0,1970-01-01 00:00:00,0.000000,0.000000,504,40,32.20,0.0,73,1,0,A39D
0,1970-01-01 00:00:00,0.000000,0.000000,504,40,32.20,0.0,73,1,0,A39D
0,1970-01-01 00:00:00,0.000000,0.000000,504,40,32.30,0.0,73,1,0,C54
0,1970-01-01 00:00:00,0.000000,0.000000,504,40,32.30,0.0,73,1,0,C54
0,1970-01-01 00:00:00,0.000000,0.000000,504,40,32.30,0.0,73,1,0,C54
0,1970-01-01 00:00:00,0.000000,0.000000,504,40,32.30,0.0,73,1,0,C54
0,1970-01-01 00:00:00,0.000000,0.000000,512,40,32.30,0.0,73,1,0,3B57
0,1970-01-01 00:00:00,0.000000,0.000000,512,40,32.30,0.0,73,1,0,3B57
0,1970-01-01 00:00:00,0.000000,0.000000,512,40,32.30,0.0,73,1,0,3B57
0,1970-01-01 00:00:00,0.000000,0.000000,512,40,32.30,0.0,73,1,0,3B57
0,1970-01-01 00:00:00,0.000000,0.000000,512,40,32.40,0.0,73,1,0,DA58
0,1970-01-01 00:00:00,0.000000,0.000000,512,40,32.40,0.0,73,1,0,DA58
0,1970-01-01 00:00:00,0.000000,0.000000,520,40,32.40,0.0,73,1,0,B1B3
0,1970-01-01 00:00:00,0.000000,0.000000,520,40,32.40,0.0,73,1,0,B1B3
0,1970-01-01 00:00:00,0.000000,0.000000,520,40,32.40,0.0,73,1,0,B1B3
0,1970-01-01 00:00:00,0.000000,0.000000,520,40,32.50,0.0,73,1,0,37B1
0,1970-01-01 00:00:00,0.000000,0.000000,520,40,32.50,0.0,73,1,0,37B1
0,1970-01-01 00:00:00,0.000000,0.000000,520,40,32.40,0.0,73,1,0,B1B3
0,1970-01-01 00:00:00,0.000000,0.000000,520,40,32.50,0.0,73,1,0,37B1
0,1970-01-01 00:00:00,0.000000,0.000000,520,40,32.50,0.0,73,1,0,37B1
0,1970-01-01 00:00:00,0.000000,0.000000,520,40,32.50,0.0,73,1,0,37B1
0,1970-01-01 00:00:00,0.000000,0.000000,520,40,32.50,0.0,73,1,0,37B1
0,1970-01-01 00:00:00,0.000000,0.000000,520,40,32.50,0.0,73,1,0,37B1
0,1970-01-01 00:00:00,0.000000,0.000000,528,40,32.50,0.0,73,1,0,AB9C
0,1970-01-01 00:00:00,0.000000,0.000000,528,40,32.60,0.0,73,1,0,EB69
0,1970-01-01 00:00:00,0.000000,0.000000,528,40,32.60,0.0,73,1,0,EB69
0,1970-01-01 00:00:00,0.000000,0.000000,528,40,32.60,0.0,73,1,0,EB69
0,1970-01-01 00:00:00,0.000000,0.000000,537,40,32.60,0.0,73,1,0,E1F9
0,1970-01-01 00:00:00,0.000000,0.000000,528,40,32.70,0.0,73,1,0,C5D7
0,1970-01-01 00:00:00,0.000000,0.000000,528,40,32.60,0.0,73,1,0,EB69
0,1970-01-01 00:00:00,0.000000,0.000000,537,40,32.70,0.0,73,1,0,CF47
0,1970-01-01 00:00:00,0.000000,0.000000,537,40,32.70,0.0,73,1,0,CF47
0,1970-01-01 00:00:00,0.000000,0.000000,537,40,32.70,0.0,73,1,0,CF47
0,1970-01-01 00:00:00,0.000000,0.000000,537,40,32.60,0.0,73,1,0,E1F9
0,1970-01-01 00:00:00,0.000000,0.000000,537,40,32.70,0.0,73,1,0,CF47
0,1970-01-01 00:00:00,0.000000,0.000000,537,40,32.70,0.0,73,1,0,CF47
0,1970-01-01 00:00:00,0.000000,0.000000,537,40,32.70,0.0,73,1,0,CF47
0,1970-01-01 00:00:00,0.000000,0.000000,546,40,32.70,0.0,73,1,0,3F7A
0,1970-01-01 00:00:00,0.000000,0.000000,546,40,32.70,0.0,73,1,0,3F7A
0,1970-01-01 00:00:00,0.000000,0.000000,546,40,32.70,0.0,73,1,0,3F7A
0,1970-01-01 00:00:00,0.000000,0.000000,546,40,32.70,0.0,73,1,0,3F7A
0,1970-01-01 00:00:00,0.000000,0.000000,546,40,32.70,0.0,73,1,0,3F7A
0,1970-01-01 00:00:00,0.000000,0.000000,546,40,32.70,0.0,73,1,0,3F7A
0,1970-01-01 00:00:00,0.000000,0.000000,546,40,32.70,0.0,73,1,0,3F7A
0,1970-01-01 00:00:00,0.000000,0.000000,546,40,32.80,0.0,73,1,0,90B3
0,1970-01-01 00:00:00,0.000000,0.000000,555,40,32.70,0.0,73,1,0,35EA
0,1970-01-01 00:00:00,0.000000,0.000000,546,40,32.80,0.0,73,1,0,90B3
0,1970-01-01 00:00:00,0.000000,0.000000,555,40,32.80,0.0,73,1,0,9A23
0,1970-01-01 00:00:00,0.000000,0.000000,546,40,32.90,0.0,73,1,0,71BC
0,1970-01-01 00:00:00,0.000000,0.000000,555,40,32.80,0.0,73,1,0,9A23
0,1970-01-01 00:00:00,0.000000,0.000000,555,40,32.80,0.0,73,1,0,9A23
0,1970-01-01 00:00:00,0.000000,0.000000,555,40,32.80,0.0,73,1,0,9A23
0,1970-01-01 00:00:00,0.000000,0.000000,555,40,32.90,0.0,73,1,0,7B2C
0,1970-01-01 00:00:00,0.000000,0.000000,555,40,32.90,0.0,73,1,0,7B2C
0,1970-01-01 00:00:00,0.000000,0.000000,555,40,32.90,0.0,73,1,0,7B2C
0,1970-01-01 00:00:00,0.000000,0.000000,564,40,32.90,0.0,73,1,0,E171
0,1970-01-01 00:00:00,0.000000,0.000000,555,38,33.00,0.0,73,1,0,631
0,1970-01-01 00:00:00,0.000000,0.000000,564,38,32.90,0.0,73,1,0,7761
0,1970-01-01 00:00:00,0.000000,0.000000,564,38,32.50,0.0,73,1,0,57EC
0,1970-01-01 00:00:00,0.000000,0.000000,564,40,32.20,0.0,74,1,0,5A6D
0,1970-01-01 00:00:00,0.000000,0.000000,564,40,32.10,0.0,76,1,0,D279
0,1970-01-01 00:00:00,0.000000,0.000000,564,40,32.10,0.0,77,1,0,E34A
0,1970-01-01 00:00:00,0.000000,0.000000,564,41,32.10,0.0,78,1,0,C51C
0,1970-01-01 00:00:00,0.000000,0.000000,564,41,32.00,0.0,78,1,0,85E9
0,1970-01-01 00:00:00,0.000000,0.000000,564,41,32.00,0.0,79,1,0,B4DA
0,1970-01-01 00:00:00,0.000000,0.000000,564,41,32.00,0.0,79,1,0,B4DA
0,1970-01-01 00:00:00,0.000000,0.000000,564,42,32.00,0.0,79,1,0,2BDF
0,1970-01-01 00:00:00,0.000000,0.000000,564,42,32.00,0.0,80,1,0,66CC
0,1970-01-01 00:00:00,0.000000,0.000000,564,42,32.00,0.0,80,1,0,66CC
0,1970-01-01 00:00:00,0.000000,0.000000,564,41,31.90,0.0,80,1,0,2640
0,1970-01-01 00:00:00,0.000000,0.000000,564,41,32.00,0.0,80,1,0,F9C9
0,1970-01-01 00:00:00,0.000000,0.000000,564,41,31.90,0.0,80,1,0,2640
0,1970-01-01 00:00:00,0.000000,0.000000,564,41,31.90,0.0,80,1,0,2640
0,1970-01-01 00:00:00,0.000000,0.000000,564,41,31.90,0.0,80,1,0,2640
0,1970-01-01 00:00:00,0.000000,0.000000,564,41,31.90,0.0,80,1,0,2640
0,1970-01-01 00:00:00,0.000000,0.000000,564,41,31.90,0.0,80,1,0,2640
0,1970-01-01 00:00:00,0.000000,0.000000,564,42,31.80,0.0,80,1,0,3832
0,1970-01-01 00:00:00,0.000000,0.000000,564,41,31.90,0.0,80,1,0,2640
0,1970-01-01 00:00:00,0.000000,0.000000,564,40,32.00,0.0,79,1,0,C1D9
0,1970-01-01 00:00:00,0.000000,0.000000,564,40,31.90,0.0,79,1,0,1E50
0,1970-01-01 00:00:00,0.000000,0.000000,555,40,32.00,0.0,78,1,0,6AB7
0,1970-01-01 00:00:00,0.000000,0.000000,555,40,32.00,0.0,77,1,0,39E2
0,1970-01-01 00:00:00,0.000000,0.000000,555,40,32.00,0.0,77,1,0,39E2
0,1970-01-01 00:00:00,0.000000,0.000000,555,40,32.10,0.0,76,1,0,4824
0,1970-01-01 00:00:00,0.000000,0.000000,555,40,32.00,0.0,76,1,0,8D1
0,1970-01-01 00:00:00,0.000000,0.000000,555,40,31.90,0.0,75,1,0,40C1
0,1970-01-01 00:00:00,0.000000,0.000000,555,39,31.90,0.0,75,1,0,A3D2
0,1970-01-01 00:00:00,0.000000,0.000000,564,40,31.80,0.0,75,1,0,5BEB
0,1970-01-01 00:00:00,0.000000,0.000000,564,39,31.90,0.0,75,1,0,398F
0,1970-01-01 00:00:00,0.000000,0.000000,564,39,32.00,0.0,75,1,0,E606
0,1970-01-01 00:00:00,0.000000,0.000000,564,39,31.90,0.0,74,1,0,8BC
0,1970-01-01 00:00:00,0.000000,0.000000,564,39,31.90,0.0,74,1,0,8BC
0,1970-01-01 00:00:00,0.000000,0.000000,564,39,31.80,0.0,74,1,0,89CB
0,1970-01-01 00:00:00,0.000000,0.000000,564,39,31.80,0.0,74,1,0,89CB
0,1970-01-01 00:00:00,0.000000,0.000000,564,38,31.80,0.0,74,1,0,FCC8
0,1970-01-01 00:00:00,0.000000,0.000000,564,38,31.80,0.0,74,1,0,FCC8
0,1970-01-01 00:00:00,0.000000,0.000000,564,38,31.70,0.0,74,1,0,3A3F
0,1970-01-01 00:00:00,0.000000,0.000000,564,38,31.70,0.0,74,1,0,3A3F
0,1970-01-01 00:00:00,0.000000,0.000000,564,38,31.80,0.0,74,1,0,FCC8
0,1970-01-01 00:00:00,0.000000,0.000000,564,38,31.70,0.0,73,1,0,696A
0,1970-01-01 00:00:00,0.000000,0.000000,564,38,31.70,0.0,73,1,0,696A
0,1970-01-01 00:00:00,0.000000,0.000000,574,38,31.70,0.0,73,1,0,C077
0,1970-01-01 00:00:00,0.000000,0.000000,564,38,31.70,0.0,73,1,0,696A
0,1970-01-01 00:00:00,0.000000,0.000000,574,38,31.70,0.0,73,1,0,C077
0,1970-01-01 00:00:00,0.000000,0.000000,574,37,31.60,0.0,73,1,0,11B4
0,1970-01-01 00:00:00,0.000000,0.000000,564,38,31.50,0.0,73,1,0,49E7
0,1970-01-01 00:00:00,0.000000,0.000000,574,39,31.40,0.0,75,1,0,FD9D
0,1970-01-01 00:00:00,0.000000,0.000000,574,40,31.40,0.0,76,1,0,8917
0,1970-01-01 00:00:00,0.000000,0.000000,574,40,31.30,0.0,77,1,0,3953
0,1970-01-01 00:00:00,0.000000,0.000000,564,40,31.30,0.0,78,1,0,C31B
0,1970-01-01 00:00:00,0.000000,0.000000,564,40,31.20,0.0,78,1,0,5EC
0,1970-01-01 00:00:00,0.000000,0.000000,564,40,31.20,0.0,79,1,0,34DF
0,1970-01-01 00:00:00,0.000000,0.000000,574,40,31.10,0.0,79,1,0,D304
0,1970-01-01 00:00:00,0.000000,0.000000,564,41,31.10,0.0,79,1,0,F1A
0,1970-01-01 00:00:00,0.000000,0.000000,564,41,31.10,0.0,80,1,0,4209
0,1970-01-01 00:00:00,0.000000,0.000000,564,41,31.40,0.0,79,1,0,65C
0,1970-01-01 00:00:00,0.000000,0.000000,564,40,31.60,0.0,78,1,0,2625
0,1970-01-01 00:00:00,0.000000,0.000000,564,40,31.70,0.0,77,1,0,3BB6
0,1970-01-01 00:00:00,0.000000,0.000000,564,40,31.80,0.0,76,1,0,CC72
0,1970-01-01 00:00:00,0.000000,0.000000,574,40,31.80,0.0,75,1,0,F2F6
0,1970-01-01 00:00:00,0.000000,0.000000,574,40,31.90,0.0,75,1,0,7381
0,1970-01-01 00:00:00,0.000000,0.000000,574,40,32.00,0.0,74,1,0,9D3B
0,1970-01-01 00:00:00,0.000000,0.000000,574,39,32.00,0.0,74,1,0,7E28
0,1970-01-01 00:00:00,0.000000,0.000000,574,39,32.00,0.0,73,1,0,2D7D
0,1970-01-01 00:00:00,0.000000,0.000000,574,40,32.10,0.0,73,1,0,8E9B
0,1970-01-01 00:00:00,0.000000,0.000000,574,39,32.20,0.0,73,1,0,4336
0,1970-01-01 00:00:00,0.000000,0.000000,574,39,32.10,0.0,73,1,0,6D88
0,1970-01-01 00:00:00,0.000000,0.000000,574,39,32.10,0.0,73,1,0,6D88
0,1970-01-01 00:00:00,0.000000,0.000000,574,40,32.20,0.0,73,1,0,A025
0,1970-01-01 00:00:00,0.000000,0.000000,583,40,32.20,0.0,73,1,0,2DC5
0,1970-01-01 00:00:00,0.000000,0.000000,574,39,32.20,0.0,73,1,0,4336
0,1970-01-01 00:00:00,0.000000,0.000000,583,40,32.20,0.0,72,1,0,1CF6
0,1970-01-01 00:00:00,0.000000,0.000000,583,39,32.30,0.0,72,1,0,502C
0,1970-01-01 00:00:00,0.000000,0.000000,583,40,32.30,0.0,72,1,0,B33F
0,1970-01-01 00:00:00,0.000000,0.000000,583,40,32.30,0.0,72,1,0,B33F
0,1970-01-01 00:00:00,0.000000,0.000000,583,40,32.40,0.0,72,1,0,5230
0,1970-01-01 00:00:00,0.000000,0.000000,583,40,32.40,0.0,72,1,0,5230
0,1970-01-01 00:00:00,0.000000,0.000000,583,40,32.40,0.0,72,1,0,5230
0,1970-01-01 00:00:00,0.000000,0.000000,583,40,32.40,0.0,72,1,0,5230
0,1970-01-01 00:00:00,0.000000,0.000000,583,40,32.50,0.0,72,1,0,D432
0,1970-01-01 00:00:00,0.000000,0.000000,593,40,32.40,0.0,72,1,0,C2FD
0,1970-01-01 00:00:00,0.000000,0.000000,583,40,32.50,0.0,72,1,0,D432
0,1970-01-01 00:00:00,0.000000,0.000000,593,40,32.50,0.0,73,1,0,75CC
0,1970-01-01 00:00:00,0.000000,0.000000,583,40,32.50,0.0,72,1,0,D432
0,1970-01-01 00:00:00,0.000000,0.000000,583,40,32.50,0.0,73,1,0,E501
0,1970-01-01 00:00:00,0.000000,0.000000,593,40,32.50,0.0,72,1,0,44FF
0,1970-01-01 00:00:00,0.000000,0.000000,593,40,32.50,0.0,73,1,0,75CC
0,1970-01-01 00:00:00,0.000000,0.000000,593,40,32.50,0.0,73,1,0,75CC
0,1970-01-01 00:00:00,0.000000,0.000000,593,40,32.50,0.0,73,1,0,75CC
0,1970-01-01 00:00:00,0.000000,0.000000,593,40,32.50,0.0,73,1,0,75CC
0,1970-01-01 00:00:00,0.000000,0.000000,593,40,32.50,0.0,73,1,0,75CC
0,1970-01-01 00:00:00,0.000000,0.000000,593,40,32.50,0.0,73,1,0,75CC
0,1970-01-01 00:00:00,0.000000,0.000000,593,40,32.50,0.0,73,1,0,75CC
0,1970-01-01 00:00:00,0.000000,0.000000,593,40,32.60,0.0,73,1,0,3539
0,1970-01-01 00:00:00,0.000000,0.000000,593,40,32.60,0.0,73,1,0,3539
0,1970-01-01 00:00:00,0.000000,0.000000,593,40,32.60,0.0,73,1,0,3539
0,1970-01-01 00:00:00,0.000000,0.000000,603,40,32.60,0.0,73,1,0,9C24
0,1970-01-01 00:00:00,0.000000,0.000000,603,40,32.60,0.0,73,1,0,9C24
0,1970-01-01 00:00:00,0.000000,0.000000,603,40,32.60,0.0,73,1,0,9C24
0,1970-01-01 00:00:00,0.000000,0.000000,603,40,32.60,0.0,73,1,0,9C24
0,1970-01-01 00:00:00,0.000000,0.000000,603,40,32.60,0.0,73,1,0,9C24
0,1970-01-01 00:00:00,0.000000,0.000000,603,40,32.60,0.0,73,1,0,9C24
0,1970-01-01 00:00:00,0.000000,0.000000,603,40,32.60,0.0,73,1,0,9C24
0,1970-01-01 00:00:00,0.000000,0.000000,603,40,32.60,0.0,72,1,0,AD17
0,1970-01-01 00:00:00,0.000000,0.000000,603,40,32.60,0.0,72,1,0,AD17
0,1970-01-01 00:00:00,0.000000,0.000000,603,40,32.60,0.0,72,1,0,AD17
0,1970-01-01 00:00:00,0.000000,0.000000,603,40,32.70,0.0,72,1,0,83A9
0,1970-01-01 00:00:00,0.000000,0.000000,613,40,32.70,0.0,72,1,0,B712
0,1970-01-01 00:00:00,0.000000,0.000000,603,40,32.70,0.0,72,1,0,83A9
0,1970-01-01 00:00:00,0.000000,0.000000,603,40,32.60,0.0,72,1,0,AD17
0,1970-01-01 00:00:00,0.000000,0.000000,603,39,32.70,0.0,72,1,0,60BA
0,1970-01-01 00:00:00,0.000000,0.000000,603,40,32.60,0.0,72,1,0,AD17
0,1970-01-01 00:00:00,0.000000,0.000000,613,40,32.70,0.0,72,1,0,B712
0,1970-01-01 00:00:00,0.000000,0.000000,613,40,32.70,0.0,72,1,0,B712
0,1970-01-01 00:00:00,0.000000,0.000000,613,40,32.70,0.0,72,1,0,B712
0,1970-01-01 00:00:00,0.000000,0.000000,613,40,32.60,0.0,72,1,0,99AC
0,1970-01-01 00:00:00,0.000000,0.000000,613,40,32.70,0.0,72,1,0,B712
0,1970-01-01 00:00:00,0.000000,0.000000,613,40,32.70,0.0,72,1,0,B712
0,1970-01-01 00:00:00,0.000000,0.000000,613,40,32.70,0.0,72,1,0,B712
0,1970-01-01 00:00:00,0.000000,0.000000,613,40,32.70,0.0,72,1,0,B712
0,1970-01-01 00:00:00,0.000000,0.000000,613,40,32.70,0.0,72,1,0,B712
0,1970-01-01 00:00:00,0.000000,0.000000,613,40,32.70,0.0,72,1,0,B712
0,1970-01-01 00:00:00,0.000000,0.000000,613,40,32.70,0.0,72,1,0,B712
0,1970-01-01 00:00:00,0.000000,0.000000,613,40,32.70,0.0,72,1,0,B712
0,1970-01-01 00:00:00,0.000000,0.000000,613,40,32.70,0.0,72,1,0,B712
0,1970-01-01 00:00:00,0.000000,0.000000,613,40,32.70,0.0,72,1,0,B712
0,1970-01-01 00:00:00,0.000000,0.000000,613,40,32.70,0.0,72,1,0,B712
0,1970-01-01 00:00:00,0.000000,0.000000,624,40,32.70,0.0,72,1,0,8452
0,1970-01-01 00:00:00,0.000000,0.000000,624,40,32.70,0.0,72,1,0,8452
0,1970-01-01 00:00:00,0.000000,0.000000,624,40,32.70,0.0,72,1,0,8452
0,1970-01-01 00:00:00,0.000000,0.000000,624,40,32.80,0.0,72,1,0,2B9B
0,1970-01-01 00:00:00,0.000000,0.000000,613,40,32.70,0.0,72,1,0,B712
0,1970-01-01 00:00:00,0.000000,0.000000,624,40,32.80,0.0,72,1,0,2B9B
0,1970-01-01 00:00:00,0.000000,0.000000,624,40,32.80,0.0,72,1,0,2B9B
0,1970-01-01 00:00:00,0.000000,0.000000,624,40,32.80,0.0,72,1,0,2B9B
0,1970-01-01 00:00:00,0.000000,0.000000,624,40,32.80,0.0,72,1,0,2B9B
0,1970-01-01 00:00:00,0.000000,0.000000,624,40,32.80,0.0,72,1,0,2B9B
0,1970-01-01 00:00:00,0.000000,0.000000,624,40,32.80,0.0,72,1,0,2B9B
0,1970-01-01 00:00:00,0.000000,0.000000,624,40,32.90,0.0,72,1,0,CA94
0,1970-01-01 00:00:00,0.000000,0.000000,624,40,32.90,0.0,72,1,0,CA94
0,1970-01-01 00:00:00,0.000000,0.000000,635,40,32.90,0.0,72,1,0,2F2
0,1970-01-01 00:00:00,0.000000,0.000000,635,40,33.00,0.0,72,1,0,E9FF
0,1970-01-01 00:00:00,0.000000,0.000000,635,40,32.90,0.0,72,1,0,2F2
0,1970-01-01 00:00:00,0.000000,0.000000,635,40,32.90,0.0,72,1,0,2F2
0,1970-01-01 00:00:00,0.000000,0.000000,635,40,32.90,0.0,72,1,0,2F2
0,1970-01-01 00:00:00,0.000000,0.000000,635,40,33.00,0.0,72,1,0,E9FF
0,1970-01-01 00:00:00,0.000000,0.000000,635,40,33.00,0.0,72,1,0,E9FF
0,1970-01-01 00:00:00,0.000000,0.000000,635,40,33.00,0.0,72,1,0,E9FF
0,1970-01-01 00:00:00,0.000000,0.000000,635,40,33.00,0.0,72,1,0,E9FF
0,1970-01-01 00:00:00,0.000000,0.000000,635,40,33.00,0.0,72,1,0,E9FF
0,1970-01-01 00:00:00,0.000000,0.000000,635,40,33.10,0.0,72,1,0,A90A
0,1970-01-01 00:00:00,0.000000,0.000000,635,40,33.10,0.0,72,1,0,A90A
0,1970-01-01 00:00:00,0.000000,0.000000,635,40,33.10,0.0,72,1,0,A90A
0,1970-01-01 00:00:00,0.000000,0.000000,646,40,33.20,0.0,72,1,0,D1FE
0,1970-01-01 00:00:00,0.000000,0.000000,635,40,33.10,0.0,72,1,0,A90A
0,1970-01-01 00:00:00,0.000000,0.000000,646,40,33.10,0.0,72,1,0,FF40
0,1970-01-01 00:00:00,0.000000,0.000000,646,40,33.20,0.0,72,1,0,D1FE
0,1970-01-01 00:00:00,0.000000,0.000000,646,40,33.20,0.0,72,1,0,D1FE
0,1970-01-01 00:00:00,0.000000,0.000000,646,40,33.20,0.0,72,1,0,D1FE
0,1970-01-01 00:00:00,0.000000,0.000000,646,40,33.20,0.0,72,1,0,D1FE
0,1970-01-01 00:00:00,0.000000,0.000000,646,40,33.30,0.0,72,1,0,7E37
0,1970-01-01 00:00:00,0.000000,0.000000,646,39,33.30,0.0,72,1,0,9D24
0,1970-01-01 00:00:00,0.000000,0.000000,646,40,33.30,0.0,72,1,0,7E37
0,1970-01-01 00:00:00,0.000000,0.000000,646,40,33.30,0.0,73,1,0,4F04
0,1970-01-01 00:00:00,0.000000,0.000000,657,39,33.30,0.0,73,1,0,5DA1
0,1970-01-01 00:00:00,0.000000,0.000000,657,39,33.30,0.0,73,1,0,5DA1
0,1970-01-01 00:00:00,0.000000,0.000000,657,39,33.30,0.0,73,1,0,5DA1
0,1970-01-01 00:00:00,0.000000,0.000000,657,39,33.30,0.0,73,1,0,5DA1
0,1970-01-01 00:00:00,0.000000,0.000000,657,39,33.30,0.0,73,1,0,5DA1
0,1970-01-01 00:00:00,0.000000,0.000000,646,38,33.30,0.0,73,1,0,D914
0,1970-01-01 00:00:00,0.000000,0.000000,657,38,33.30,0.0,73,1,0,28A2
0,1970-01-01 00:00:00,0.000000,0.000000,657,38,33.00,0.0,73,1,0,E920
0,1970-01-01 00:00:00,0.000000,0.000000,657,38,32.90,0.0,74,1,0,5178
0,1970-01-01 00:00:00,0.000000,0.000000,657,38,32.60,0.0,74,1,0,3100
0,1970-01-01 00:00:00,0.000000,0.000000,646,39,32.60,0.0,76,1,0,131F
0,1970-01-01 00:00:00,0.000000,0.000000,657,38,32.40,0.0,77,1,0,606E
0,1970-01-01 00:00:00,0.000000,0.000000,657,39,32.40,0.0,77,1,0,156D
0,1970-01-01 00:00:00,0.000000,0.000000,657,39,32.20,0.0,78,1,0,8FE
0,1970-01-01 00:00:00,0.000000,0.000000,657,40,32.00,0.0,79,1,0,B495
0,1970-01-01 00:00:00,0.000000,0.000000,646,39,32.00,0.0,79,1,0,A630
0,1970-01-01 00:00:00,0.000000,0.000000,657,39,32.10,0.0,79,1,0,1773
0,1970-01-01 00:00:00,0.000000,0.000000,657,39,32.00,0.0,80,1,0,1A95
0,1970-01-01 00:00:00,0.000000,0.000000,657,39,31.90,0.0,80,1,0,C51C
0,1970-01-01 00:00:00,0.000000,0.000000,657,39,31.90,0.0,80,1,0,C51C
0,1970-01-01 00:00:00,0.000000,0.000000,657,39,31.90,0.0,80,1,0,C51C
0,1970-01-01 00:00:00,0.000000,0.000000,657,38,31.80,0.0,80,1,0,3168
0,1970-01-01 00:00:00,0.000000,0.000000,646,38,31.80,0.0,80,1,0,C0DE
0,1970-01-01 00:00:00,0.000000,0.000000,657,38,31.50,0.0,80,1,0,D712
0,1970-01-01 00:00:00,0.000000,0.000000,646,38,31.40,0.0,80,1,0,2CA6
0,1970-01-01 00:00:00,0.000000,0.000000,646,38,31.30,0.0,81,1,0,9CE2
0,1970-01-01 00:00:00,0.000000,0.000000,646,38,31.10,0.0,81,1,0,14D3
0,1970-01-01 00:00:00,0.000000,0.000000,646,38,31.00,0.0,81,1,0,7A98
0,1970-01-01 00:00:00,0.000000,0.000000,646,38,31.00,0.0,81,1,0,7A98
0,1970-01-01 00:00:00,0.000000,0.000000,646,38,30.90,0.0,81,1,0,AA84
0,1970-01-01 00:00:00,0.000000,0.000000,646,38,30.80,0.0,81,1,0,2BF3
0,1970-01-01 00:00:00,0.000000,0.000000,646,38,30.80,0.0,81,1,0,2BF3
0,1970-01-01 00:00:00,0.000000,0.000000,646,38,30.70,0.0,81,1,0,ED04
0,1970-01-01 00:00:00,0.000000,0.000000,646,38,30.60,0.0,82,1,0,F097
0,1970-01-01 00:00:00,0.000000,0.000000,646,38,30.60,0.0,82,1,0,F097
0,1970-01-01 00:00:00,0.000000,0.000000,635,38,30.50,0.0,82,1,0,C896
0,1970-01-01 00:00:00,0.000000,0.000000,635,38,30.50,0.0,82,1,0,C896
0,1970-01-01 00:00:00,0.000000,0.000000,635,37,30.50,0.0,82,1,0,5793
0,1970-01-01 00:00:00,0.000000,0.000000,635,38,30.40,0.0,82,1,0,C294
0,1970-01-01 00:00:00,0.000000,0.000000,635,38,30.40,0.0,82,1,0,C294
0,1970-01-01 00:00:00,0.000000,0.000000,635,38,30.30,0.0,82,1,0,43E3
0,1970-01-01 00:00:00,0.000000,0.000000,635,38,30.30,0.0,82,1,0,43E3
0,1970-01-01 00:00:00,0.000000,0.000000,624,37,30.20,0.0,82,1,0,D277
0,1970-01-01 00:00:00,0.000000,0.000000,635,37,30.20,0.0,82,1,0,1A11
0,1970-01-01 00:00:00,0.000000,0.000000,624,37,30.20,0.0,82,1,0,D277
0,1970-01-01 00:00:00,0.000000,0.000000,624,37,30.10,0.0,82,1,0,9CB1
0,1970-01-01 00:00:00,0.000000,0.000000,624,37,30.00,0.0,82,1,0,F2FA
0,1970-01-01 00:00:00,0.000000,0.000000,624,37,30.00,0.0,82,1,0,F2FA
0,1970-01-01 00:00:00,0.000000,0.000000,624,37,30.00,0.0,82,1,0,F2FA
0,1970-01-01 00:00:00,0.000000,0.000000,624,37,29.90,0.0,82,1,0,96DB
0,1970-01-01 00:00:00,0.000000,0.000000,624,37,29.80,0.0,82,1,0,17AC
0,1970-01-01 00:00:00,0.000000,0.000000,613,38,29.80,0.0,82,1,0,BBE9
0,1970-01-01 00:00:00,0.000000,0.000000,624,38,29.90,0.0,82,1,0,9DE
0,1970-01-01 00:00:00,0.000000,0.000000,624,37,30.20,0.0,81,1,0,8122
0,1970-01-01 00:00:00,0.000000,0.000000,613,37,30.50,0.0,80,1,0,CED3
0,1970-01-01 00:00:00,0.000000,0.000000,613,37,30.60,0.0,78,1,0,DCB8
0,1970-01-01 00:00:00,0.000000,0.000000,624,37,30.80,0.0,77,1,0,349C
0,1970-01-01 00:00:00,0.000000,0.000000,613,36,30.80,0.0,76,1,0,43EC
0,1970-01-01 00:00:00,0.000000,0.000000,624,36,31.00,0.0,75,1,0,B65E
0,1970-01-01 00:00:00,0.000000,0.000000,613,36,31.00,0.0,74,1,0,B42D
0,1970-01-01 00:00:00,0.000000,0.000000,624,35,31.10,0.0,74,1,0,A22E
0,1970-01-01 00:00:00,0.000000,0.000000,624,35,31.10,0.0,73,1,0,F17B
0,1970-01-01 00:00:00,0.000000,0.000000,613,35,31.20,0.0,73,1,0,8CFD
0,1970-01-01 00:00:00,0.000000,0.000000,613,35,31.20,0.0,73,1,0,8CFD
0,1970-01-01 00:00:00,0.000000,0.000000,624,35,31.30,0.0,73,1,0,794A
0,1970-01-01 00:00:00,0.000000,0.000000,624,35,31.30,0.0,72,1,0,4879
0,1970-01-01 00:00:00,0.000000,0.000000,613,35,31.40,0.0,72,1,0,FA4E
0,1970-01-01 00:00:00,0.000000,0.000000,613,35,31.40,0.0,72,1,0,FA4E
0,1970-01-01 00:00:00,0.000000,0.000000,613,35,31.40,0.0,72,1,0,FA4E
0,1970-01-01 00:00:00,0.000000,0.000000,613,35,31.50,0.0,72,1,0,F04C
0,1970-01-01 00:00:00,0.000000,0.000000,624,35,31.50,0.0,72,1,0,C30C
0,1970-01-01 00:00:00,0.000000,0.000000,613,35,31.50,0.0,72,1,0,F04C
0,1970-01-01 00:00:00,0.000000,0.000000,613,35,31.60,0.0,72,1,0,9E07
0,1970-01-01 00:00:00,0.000000,0.000000,624,35,31.60,0.0,72,1,0,AD47
0,1970-01-01 00:00:00,0.000000,0.000000,613,35,31.60,0.0,72,1,0,9E07
0,1970-01-01 00:00:00,0.000000,0.000000,613,35,31.60,0.0,72,1,0,9E07
0,1970-01-01 00:00:00,0.000000,0.000000,613,35,31.60,0.0,72,1,0,9E07
0,1970-01-01 00:00:00,0.000000,0.000000,624,35,31.60,0.0,72,1,0,AD47
0,1970-01-01 00:00:00,0.000000,0.000000,624,35,31.70,0.0,72,1,0,E381
0,1970-01-01 00:00:00,0.000000,0.000000,624,35,31.70,0.0,72,1,0,E381
0,1970-01-01 00:00:00,0.000000,0.000000,624,35,31.80,0.0,72,1,0,2576
0,1970-01-01 00:00:00,0.000000,0.000000,624,35,31.70,0.0,72,1,0,E381
0,1970-01-01 00:00:00,0.000000,0.000000,624,35,31.80,0.0,72,1,0,2576
0,1970-01-01 00:00:00,0.000000,0.000000,624,35,31.80,0.0,72,1,0,2576
0,1970-01-01 00:00:00,0.000000,0.000000,624,35,31.80,0.0,72,1,0,2576
0,1970-01-01 00:00:00,0.000000,0.000000,624,35,31.80,0.0,72,1,0,2576
0,1970-01-01 00:00:00,0.000000,0.000000,624,35,31.90,0.0,72,1,0,A401
0,1970-01-01 00:00:00,0.000000,0.000000,624,35,31.90,0.0,72,1,0,A401
0,1970-01-01 00:00:00,0.000000,0.000000,624,35,31.90,0.0,72,1,0,A401
0,1970-01-01 00:00:00,0.000000,0.000000,624,35,31.90,0.0,73,1,0,9532
0,1970-01-01 00:00:00,0.000000,0.000000,624,35,31.90,0.0,72,1,0,A401
0,1970-01-01 00:00:00,0.000000,0.000000,624,35,31.90,0.0,72,1,0,A401
0,1970-01-01 00:00:00,0.000000,0.000000,635,35,31.90,0.0,73,1,0,5D54
0,1970-01-01 00:00:00,0.000000,0.000000,635,35,31.90,0.0,73,1,0,5D54
0,1970-01-01 00:00:00,0.000000,0.000000,624,35,31.90,0.0,73,1,0,9532
0,1970-01-01 00:00:00,0.000000,0.000000,624,35,31.90,0.0,73,1,0,9532
0,1970-01-01 00:00:00,0.000000,0.000000,635,35,31.90,0.0,73,1,0,5D54
0,1970-01-01 00:00:00,0.000000,0.000000,635,35,32.00,0.0,73,1,0,82DD
0,1970-01-01 00:00:00,0.000000,0.000000,635,35,32.00,0.0,73,1,0,82DD
0,1970-01-01 00:00:00,0.000000,0.000000,635,35,32.00,0.0,73,1,0,82DD
0,1970-01-01 00:00:00,0.000000,0.000000,635,35,32.00,0.0,73,1,0,82DD
0,1970-01-01 00:00:00,0.000000,0.000000,635,35,32.00,0.0,73,1,0,82DD
0,1970-01-01 00:00:00,0.000000,0.000000,635,35,32.10,0.0,73,1,0,C228
0,1970-01-01 00:00:00,0.000000,0.000000,635,35,32.00,0.0,73,1,0,82DD
0,1970-01-01 00:00:00,0.000000,0.000000,646,35,32.00,0.0,73,1,0,D497
0,1970-01-01 00:00:00,0.000000,0.000000,635,35,32.00,0.0,73,1,0,82DD
0,1970-01-01 00:00:00,0.000000,0.000000,635,35,32.10,0.0,73,1,0,C228
0,1970-01-01 00:00:00,0.000000,0.000000,646,35,32.10,0.0,73,1,0,9462
0,1970-01-01 00:00:00,0.000000,0.000000,646,35,32.10,0.0,73,1,0,9462
0,1970-01-01 00:00:00,0.000000,0.000000,646,35,32.10,0.0,73,1,0,9462
0,1970-01-01 00:00:00,0.000000,0.000000,646,35,32.10,0.0,73,1,0,9462
0,1970-01-01 00:00:00,0.000000,0.000000,646,35,32.10,0.0,73,1,0,9462
0,1970-01-01 00:00:00,0.000000,0.000000,646,35,32.20,0.0,73,1,0,BADC
0,1970-01-01 00:00:00,0.000000,0.000000,646,35,32.20,0.0,73,1,0,BADC
0,1970-01-01 00:00:00,0.000000,0.000000,657,35,32.20,0.0,73,1,0,4B6A
0,1970-01-01 00:00:00,0.000000,0.000000,646,35,32.30,0.0,73,1,0,1515
0,1970-01-01 00:00:00,0.000000,0.000000,646,35,32.20,0.0,73,1,0,BADC
0,1970-01-01 00:00:00,0.000000,0.000000,657,35,32.30,0.0,73,1,0,E4A3
0,1970-01-01 00:00:00,0.000000,0.000000,657,35,32.30,0.0,73,1,0,E4A3
0,1970-01-01 00:00:00,0.000000,0.000000,657,35,32.30,0.0,73,1,0,E4A3
0,1970-01-01 00:00:00,0.000000,0.000000,657,33,32.30,0.0,73,1,0,EA5
0,1970-01-01 00:00:00,0.000000,0.000000,657,34,32.20,0.0,73,1,0,3E69
0,1970-01-01 00:00:00,0.000000,0.000000,657,34,31.60,0.0,74,1,0,D5B8
0,1970-01-01 00:00:00,0.000000,0.000000,646,35,31.20,0.0,77,1,0,E55D
0,1970-01-01 00:00:00,0.000000,0.000000,646,36,31.10,0.0,79,1,0,82F5
0,1970-01-01 00:00:00,0.000000,0.000000,646,36,30.90,0.0,80,1,0,71B1
0,1970-01-01 00:00:00,0.000000,0.000000,646,36,30.90,0.0,80,1,0,71B1
0,1970-01-01 00:00:00,0.000000,0.000000,646,36,31.10,0.0,80,1,0,CFE6
0,1970-01-01 00:00:00,0.000000,0.000000,646,36,31.10,0.0,80,1,0,CFE6
0,1970-01-01 00:00:00,0.000000,0.000000,646,36,31.00,0.0,81,1,0,909E
0,1970-01-01 00:00:00,0.000000,0.000000,646,37,31.10,0.0,81,1,0,8BD6
0,1970-01-01 00:00:00,0.000000,0.000000,646,37,31.10,0.0,81,1,0,8BD6
0,1970-01-01 00:00:00,0.000000,0.000000,646,37,31.00,0.0,81,1,0,E59D
0,1970-01-01 00:00:00,0.000000,0.000000,646,36,31.10,0.0,81,1,0,FED5
0,1970-01-01 00:00:00,0.000000,0.000000,646,36,31.10,0.0,81,1,0,FED5
0,1970-01-01 00:00:00,0.000000,0.000000,646,36,31.10,0.0,81,1,0,FED5
0,1970-01-01 00:00:00,0.000000,0.000000,646,36,31.10,0.0,81,1,0,FED5
0,1970-01-01 00:00:00,0.000000,0.000000,657,36,31.00,0.0,82,1,0,327D
0,1970-01-01 00:00:00,0.000000,0.000000,646,36,31.10,0.0,82,1,0,AD80
0,1970-01-01 00:00:00,0.000000,0.000000,646,37,31.10,0.0,82,1,0,D883
0,1970-01-01 00:00:00,0.000000,0.000000,635,36,31.00,0.0,82,1,0,9581
0,1970-01-01 00:00:00,0.000000,0.000000,646,35,31.20,0.0,81,1,0,FB1B
0,1970-01-01 00:00:00,0.000000,0.000000,646,35,31.20,0.0,80,1,0,CA28
0,1970-01-01 00:00:00,0.000000,0.000000,646,35,31.20,0.0,80,1,0,CA28
0,1970-01-01 00:00:00,0.000000,0.000000,646,35,31.10,0.0,79,1,0,C9FD
0,1970-01-01 00:00:00,0.000000,0.000000,646,34,31.00,0.0,79,1,0,D2B5
0,1970-01-01 00:00:00,0.000000,0.000000,646,34,31.00,0.0,79,1,0,D2B5
0,1970-01-01 00:00:00,0.000000,0.000000,635,34,31.00,0.0,78,1,0,B5CC
0,1970-01-01 00:00:00,0.000000,0.000000,635,34,31.10,0.0,78,1,0,DB87
0,1970-01-01 00:00:00,0.000000,0.000000,635,34,31.00,0.0,78,1,0,B5CC
0,1970-01-01 00:00:00,0.000000,0.000000,646,34,31.00,0.0,77,1,0,B0D3
0,1970-01-01 00:00:00,0.000000,0.000000,646,34,31.00,0.0,77,1,0,B0D3
0,1970-01-01 00:00:00,0.000000,0.000000,646,34,31.00,0.0,77,1,0,B0D3
0,1970-01-01 00:00:00,0.000000,0.000000,646,34,30.70,0.0,78,1,0,741A
0,1970-01-01 00:00:00,0.000000,0.000000,635,35,30.50,0.0,80,1,0,BFE
0,1970-01-01 00:00:00,0.000000,0.000000,635,35,30.50,0.0,80,1,0,BFE
0,1970-01-01 00:00:00,0.000000,0.000000,635,35,30.40,0.0,81,1,0,30CF
0,1970-01-01 00:00:00,0.000000,0.000000,635,35,30.30,0.0,81,1,0,B1B8
0,1970-01-01 00:00:00,0.000000,0.000000,635,35,30.20,0.0,82,1,0,241A
0,1970-01-01 00:00:00,0.000000,0.000000,635,35,30.20,0.0,82,1,0,241A
0,1970-01-01 00:00:00,0.000000,0.000000,635,35,30.10,0.0,82,1,0,6ADC
0,1970-01-01 00:00:00,0.000000,0.000000,635,35,30.10,0.0,82,1,0,6ADC
0,1970-01-01 00:00:00,0.000000,0.000000,635,34,30.10,0.0,82,1,0,1FDF
0,1970-01-01 00:00:00,0.000000,0.000000,635,34,30.00,0.0,82,1,0,7194
0,1970-01-01 00:00:00,0.000000,0.000000,635,34,29.80,0.0,82,1,0,94C2
0,1970-01-01 00:00:00,0.000000,0.000000,635,34,29.70,0.0,82,1,0,5235
0,1970-01-01 00:00:00,0.000000,0.000000,624,34,29.60,0.0,82,1,0,D495
0,1970-01-01 00:00:00,0.000000,0.000000,635,34,29.60,0.0,83,1,0,2DC0
0,1970-01-01 00:00:00,0.000000,0.000000,624,34,29.50,0.0,83,1,0,8BED
0,1970-01-01 00:00:00,0.000000,0.000000,624,34,29.50,0.0,83,1,0,8BED
0,1970-01-01 00:00:00,0.000000,0.000000,624,35,29.40,0.0,83,1,0,F4EC
0,1970-01-01 00:00:00,0.000000,0.000000,624,34,29.40,0.0,83,1,0,81EF
0,1970-01-01 00:00:00,0.000000,0.000000,624,35,29.40,0.0,83,1,0,F4EC
0,1970-01-01 00:00:00,0.000000,0.000000,624,35,29.30,0.0,83,1,0,759B
0,1970-01-01 00:00:00,0.000000,0.000000,624,35,29.40,0.0,83,1,0,F4EC
0,1970-01-01 00:00:00,0.000000,0.000000,624,35,29.30,0.0,83,1,0,759B
0,1970-01-01 00:00:00,0.000000,0.000000,613,35,29.40,0.0,83,1,0,C7AC
0,1970-01-01 00:00:00,0.000000,0.000000,624,35,29.30,0.0,83,1,0,759B
0,1970-01-01 00:00:00,0.000000,0.000000,613,35,29.30,0.0,83,1,0,46DB
0,1970-01-01 00:00:00,0.000000,0.000000,613,35,29.40,0.0,82,1,0,F69F
0,1970-01-01 00:00:00,0.000000,0.000000,613,35,29.40,0.0,82,1,0,F69F
0,1970-01-01 00:00:00,0.000000,0.000000,613,35,29.40,0.0,82,1,0,F69F
0,1970-01-01 00:00:00,0.000000,0.000000,613,35,29.40,0.0,82,1,0,F69F
0,1970-01-01 00:00:00,0.000000,0.000000,613,35,29.40,0.0,82,1,0,F69F
0,1970-01-01 00:00:00,0.000000,0.000000,613,35,29.40,0.0,82,1,0,F69F
0,1970-01-01 00:00:00,0.000000,0.000000,613,35,29.40,0.0,82,1,0,F69F
0,1970-01-01 00:00:00,0.000000,0.000000,613,35,29.40,0.0,82,1,0,F69F
0,1970-01-01 00:00:00,0.000000,0.000000,613,35,29.40,0.0,82,1,0,F69F
0,1970-01-01 00:00:00,0.000000,0.000000,613,35,29.30,0.0,82,1,0,77E8
0,1970-01-01 00:00:00,0.000000,0.000000,613,36,29.10,0.0,82,1,0,B4D1
0,1970-01-01 00:00:00,0.000000,0.000000,613,36,29.50,0.0,82,1,0,B795
0,1970-01-01 00:00:00,0.000000,0.000000,613,35,29.80,0.0,80,1,0,7881
0,1970-01-01 00:00:00,0.000000,0.000000,613,35,30.00,0.0,79,1,0,D0C4
0,1970-01-01 00:00:00,0.000000,0.000000,613,35,30.20,0.0,78,1,0,C17A
0,1970-01-01 00:00:00,0.000000,0.000000,624,35,30.30,0.0,77,1,0,6798
0,1970-01-01 00:00:00,0.000000,0.000000,613,34,30.40,0.0,76,1,0,919F
0,1970-01-01 00:00:00,0.000000,0.000000,624,34,30.50,0.0,76,1,0,A8DD
0,1970-01-01 00:00:00,0.000000,0.000000,624,34,30.60,0.0,75,1,0,510F
0,1970-01-01 00:00:00,0.000000,0.000000,624,34,30.70,0.0,75,1,0,1FC9
0,1970-01-01 00:00:00,0.000000,0.000000,624,34,30.70,0.0,74,1,0,2EFA
0,1970-01-01 00:00:00,0.000000,0.000000,624,34,30.80,0.0,74,1,0,E80D
0,1970-01-01 00:00:00,0.000000,0.000000,624,34,30.90,0.0,74,1,0,697A
0,1970-01-01 00:00:00,0.000000,0.000000,624,34,30.90,0.0,74,1,0,697A
0,1970-01-01 00:00:00,0.000000,0.000000,624,34,31.00,0.0,73,1,0,EA33
0,1970-01-01 00:00:00,0.000000,0.000000,624,34,31.00,0.0,73,1,0,EA33
0,1970-01-01 00:00:00,0.000000,0.000000,624,34,31.00,0.0,73,1,0,EA33
0,1970-01-01 00:00:00,0.000000,0.000000,624,34,31.10,0.0,73,1,0,8478
0,1970-01-01 00:00:00,0.000000,0.000000,635,35,31.10,0.0,73,1,0,391D
0,1970-01-01 00:00:00,0.000000,0.000000,635,35,31.10,0.0,73,1,0,391D
0,1970-01-01 00:00:00,0.000000,0.000000,624,35,31.20,0.0,73,1,0,BFBD
0,1970-01-01 00:00:00,0.000000,0.000000,635,35,31.20,0.0,73,1,0,77DB
0,1970-01-01 00:00:00,0.000000,0.000000,635,35,31.20,0.0,73,1,0,77DB
0,1970-01-01 00:00:00,0.000000,0.000000,635,35,31.30,0.0,73,1,0,B12C
0,1970-01-01 00:00:00,0.000000,0.000000,635,35,31.30,0.0,73,1,0,B12C
0,1970-01-01 00:00:00,0.000000,0.000000,646,35,31.40,0.0,73,1,0,6611
0,1970-01-01 00:00:00,0.000000,0.000000,646,35,31.40,0.0,73,1,0,6611
0,1970-01-01 00:00:00,0.000000,0.000000,646,35,31.40,0.0,73,1,0,6611
0,1970-01-01 00:00:00,0.000000,0.000000,646,35,31.40,0.0,74,1,0,3544
0,1970-01-01 00:00:00,0.000000,0.000000,646,35,31.40,0.0,74,1,0,3544
0,1970-01-01 00:00:00,0.000000,0.000000,646,35,31.40,0.0,74,1,0,3544
0,1970-01-01 00:00:00,0.000000,0.000000,646,35,31.40,0.0,74,1,0,3544
0,1970-01-01 00:00:00,0.000000,0.000000,646,35,31.50,0.0,74,1,0,3F46
0,1970-01-01 00:00:00,0.000000,0.000000,657,35,31.50,0.0,74,1,0,CEF0
0,1970-01-01 00:00:00,0.000000,0.000000,657,35,31.50,0.0,74,1,0,CEF0
0,1970-01-01 00:00:00,0.000000,0.000000,657,35,31.50,0.0,74,1,0,CEF0
0,1970-01-01 00:00:00,0.000000,0.000000,657,35,31.60,0.0,74,1,0,A0BB
0,1970-01-01 00:00:00,0.000000,0.000000,657,35,31.50,0.0,74,1,0,CEF0
0,1970-01-01 00:00:00,0.000000,0.000000,657,35,31.60,0.0,74,1,0,A0BB
0,1970-01-01 00:00:00,0.000000,0.000000,657,35,31.60,0.0,74,1,0,A0BB
0,1970-01-01 00:00:00,0.000000,0.000000,657,35,31.60,0.0,74,1,0,A0BB
0,1970-01-01 00:00:00,0.000000,0.000000,668,35,31.60,0.0,74,1,0,FD6
0,1970-01-01 00:00:00,0.000000,0.000000,668,35,31.70,0.0,74,1,0,4110
0,1970-01-01 00:00:00,0.000000,0.000000,668,35,31.70,0.0,74,1,0,4110
0,1970-01-01 00:00:00,0.000000,0.000000,668,35,31.70,0.0,74,1,0,4110
0,1970-01-01 00:00:00,0.000000,0.000000,668,35,31.70,0.0,74,1,0,4110
0,1970-01-01 00:00:00,0.000000,0.000000,680,35,31.70,0.0,74,1,0,DCB6
0,1970-01-01 00:00:00,0.000000,0.000000,680,35,31.70,0.0,74,1,0,DCB6
0,1970-01-01 00:00:00,0.000000,0.000000,680,35,31.80,0.0,74,1,0,1A41
0,1970-01-01 00:00:00,0.000000,0.000000,680,35,31.70,0.0,74,1,0,DCB6
0,1970-01-01 00:00:00,0.000000,0.000000,680,35,31.80,0.0,75,1,0,2B72
0,1970-01-01 00:00:00,0.000000,0.000000,680,35,31.80,0.0,75,1,0,2B72
0,1970-01-01 00:00:00,0.000000,0.000000,680,35,31.80,0.0,75,1,0,2B72
0,1970-01-01 00:00:00,0.000000,0.000000,680,35,31.90,0.0,75,1,0,AA05
0,1970-01-01 00:00:00,0.000000,0.000000,680,35,31.80,0.0,75,1,0,2B72
0,1970-01-01 00:00:00,0.000000,0.000000,692,35,31.90,0.0,75,1,0,93D5
0,1970-01-01 00:00:00,0.000000,0.000000,692,35,31.90,0.0,75,1,0,93D5
0,1970-01-01 00:00:00,0.000000,0.000000,692,35,31.90,0.0,75,1,0,93D5
0,1970-01-01 00:00:00,0.000000,0.000000,692,35,31.90,0.0,75,1,0,93D5
0,1970-01-01 00:00:00,0.000000,0.000000,692,35,31.90,0.0,75,1,0,93D5
0,1970-01-01 00:00:00,0.000000,0.000000,705,35,31.90,0.0,75,1,0,D023
0,1970-01-01 00:00:00,0.000000,0.000000,705,35,32.00,0.0,75,1,0,FAA
0,1970-01-01 00:00:00,0.000000,0.000000,705,35,32.00,0.0,75,1,0,FAA
0,1970-01-01 00:00:00,0.000000,0.000000,692,35,32.00,0.0,75,1,0,4C5C
0,1970-01-01 00:00:00,0.000000,0.000000,705,35,32.00,0.0,75,1,0,FAA
0,1970-01-01 00:00:00,0.000000,0.000000,705,35,32.00,0.0,75,1,0,FAA
0,1970-01-01 00:00:00,0.000000,0.000000,705,35,32.10,0.0,75,1,0,4F5F
0,1970-01-01 00:00:00,0.000000,0.000000,705,35,32.00,0.0,75,1,0,FAA
0,1970-01-01 00:00:00,0.000000,0.000000,705,35,32.10,0.0,75,1,0,4F5F
0,1970-01-01 00:00:00,0.000000,0.000000,717,35,32.10,0.0,75,1,0,8149
0,1970-01-01 00:00:00,0.000000,0.000000,717,35,32.10,0.0,75,1,0,8149
0,1970-01-01 00:00:00,0.000000,0.000000,717,35,32.20,0.0,75,1,0,AFF7
0,1970-01-01 00:00:00,0.000000,0.000000,717,35,32.20,0.0,75,1,0,AFF7
0,1970-01-01 00:00:00,0.000000,0.000000,717,35,32.20,0.0,75,1,0,AFF7
0,1970-01-01 00:00:00,0.000000,0.000000,717,35,32.20,0.0,75,1,0,AFF7
0,1970-01-01 00:00:00,0.000000,0.000000,730,35,32.20,0.0,75,1,0,5E41
0,1970-01-01 00:00:00,0.000000,0.000000,730,35,32.30,0.0,75,1,0,F188
0,1970-01-01 00:00:00,0.000000,0.000000,730,35,32.30,0.0,75,1,0,F188
0,1970-01-01 00:00:00,0.000000,0.000000,730,35,32.30,0.0,75,1,0,F188
0,1970-01-01 00:00:00,0.000000,0.000000,730,35,32.30,0.0,75,1,0,F188
0,1970-01-01 00:00:00,0.000000,0.000000,730,36,32.40,0.0,75,1,0,F188
