time_ms,mq2_adc,mq2_V,mq2_Rs,mq2_Rs_R0,mq2_ppm,mq4_adc,mq4_V,mq4_Rs,mq4_Rs_R0,mq4_ppm,tempC,hum

600000,376,1.838,24417,3.4882,3,231,1.129,3154,5.7351,6,22.40,70.3
600000,400,1.955,22101,3.1573,4,258,1.261,2728,4.9598,9,22.90,73.0
600000,429,2.097,19648,2.8068,5,264,1.290,2645,4.8091,10,23.20,74.7
1200000,463,2.263,17163,2.4518,6,267,1.305,2605,4.7363,10,27.20,70.8
1800000,496,2.424,15077,2.1538,9,301,1.471,2207,4.0123,17,29.70,70.6
2400000,520,2.542,13726,1.9609,11,330,1.613,1932,3.5127,25,30.30,72.9
3000000,535,2.615,12943,1.8491,12,351,1.716,1761,3.2025,32,30.50,74.6
3600000,547,2.674,12348,1.7640,14,367,1.794,1644,2.9899,40,30.60,75.9
4200000,554,2.708,12013,1.7161,14,380,1.857,1557,2.8304,46,30.60,76.8
4800000,560,2.737,11732,1.6760,15,393,1.921,1475,2.6815,54,30.70,77.4
5400000,564,2.757,11548,1.6497,16,403,1.970,1415,2.5734,62,30.70,77.7
6000000,566,2.766,11457,1.6368,16,411,2.009,1370,2.4908,68,30.70,77.8
6600000,566,2.766,11457,1.6368,16,417,2.038,1337,2.4309,73,30.70,77.9
7200000,566,2.766,11457,1.6368,16,424,2.072,1300,2.3631,79,30.80,78.1
7800000,567,2.771,11412,1.6303,16,430,2.102,1269,2.3068,85,30.80,78.2
8400000,567,2.771,11412,1.6303,16,435,2.126,1244,2.2611,90,31.10,77.7
9000000,566,2.766,11457,1.6368,16,440,2.151,1219,2.2164,96,31.40,77.4
9600000,565,2.761,11503,1.6432,16,443,2.165,1205,2.1900,99,31.50,77.3
10200000,564,2.757,11548,1.6497,16,447,2.185,1186,2.1555,104,31.60,77.4
10800000,563,2.752,11594,1.6563,16,450,2.199,1171,2.1299,107,31.70,77.4
11400000,563,2.752,11594,1.6563,16,453,2.214,1158,2.1048,111,31.80,77.5
12000000,562,2.747,11640,1.6628,16,455,2.224,1148,2.0882,114,31.90,77.6
12600000,560,2.737,11732,1.6760,15,456,2.229,1144,2.0799,115,31.90,77.8
13200000,559,2.732,11778,1.6826,15,458,2.239,1135,2.0635,118,32.00,77.8
13800000,558,2.727,11825,1.6893,15,459,2.243,1130,2.0554,119,32.10,77.9
14400000,557,2.722,11872,1.6960,15,461,2.253,1122,2.0392,122,32.20,78.1
15000000,557,2.722,11872,1.6960,15,463,2.263,1113,2.0232,125,32.20,78.2
15600000,556,2.717,11919,1.7027,15,465,2.273,1104,2.0073,128,32.30,78.3
16200000,555,2.713,11966,1.7094,15,466,2.278,1100,1.9994,130,32.30,78.4
16800000,554,2.708,12013,1.7161,14,467,2.283,1095,1.9915,131,32.40,78.6
17400000,554,2.708,12013,1.7161,14,473,2.312,1070,1.9450,140,32.40,78.7
18000000,554,2.708,12013,1.7161,14,474,2.317,1066,1.9374,142,32.40,78.8
18600000,552,2.698,12108,1.7297,14,476,2.326,1057,1.9222,145,32.50,79.0
19200000,552,2.698,12108,1.7297,14,476,2.326,1057,1.9222,145,32.60,79.1
19800000,550,2.688,12203,1.7433,14,477,2.331,1053,1.9147,147,32.60,79.2
20400000,550,2.688,12203,1.7433,14,478,2.336,1049,1.9072,149,32.60,79.3
21000000,549,2.683,12251,1.7502,14,478,2.336,1049,1.9072,149,32.70,79.3
21600000,548,2.678,12300,1.7571,14,479,2.341,1045,1.8997,151,32.70,79.4
22200000,547,2.674,12348,1.7640,14,479,2.341,1045,1.8997,151,32.80,79.5
22800000,546,2.669,12397,1.7710,13,480,2.346,1041,1.8923,152,32.80,79.6
23400000,545,2.664,12446,1.7779,13,480,2.346,1041,1.8923,152,32.90,79.7
24000000,545,2.664,12446,1.7779,13,480,2.346,1041,1.8923,152,32.90,79.7
24600000,544,2.659,12495,1.7849,13,480,2.346,1041,1.8923,152,33.00,79.8
25200000,543,2.654,12544,1.7919,13,481,2.351,1037,1.8849,154,33.00,79.8
25800000,542,2.649,12593,1.7990,13,481,2.351,1037,1.8849,154,33.00,79.9
26400000,541,2.644,12642,1.8061,13,481,2.351,1037,1.8849,154,33.10,79.9
27000000,541,2.644,12642,1.8061,13,481,2.351,1037,1.8849,154,33.10,79.9
27600000,539,2.634,12742,1.8203,13,481,2.351,1037,1.8849,154,33.20,80.0
28200000,539,2.634,12742,1.8203,13,481,2.351,1037,1.8849,154,33.20,80.0
28800000,538,2.630,12792,1.8274,12,481,2.351,1037,1.8849,154,33.20,80.1
29400000,537,2.625,12842,1.8346,12,482,2.356,1033,1.8775,156,33.30,80.1
30000000,537,2.625,12842,1.8346,12,482,2.356,1033,1.8775,156,33.30,80.2
30600000,536,2.620,12893,1.8418,12,481,2.351,1037,1.8849,154,33.40,80.2
31200000,535,2.615,12943,1.8491,12,482,2.356,1033,1.8775,156,33.40,80.2
31800000,534,2.610,12994,1.8563,12,482,2.356,1033,1.8775,156,33.40,80.2
32400000,533,2.605,13045,1.8636,12,482,2.356,1033,1.8775,156,33.50,80.3
33000000,533,2.605,13045,1.8636,12,482,2.356,1033,1.8775,156,33.50,80.3
33600000,532,2.600,13096,1.8709,12,481,2.351,1037,1.8849,154,33.50,80.4
34200000,531,2.595,13148,1.8783,12,482,2.356,1033,1.8775,156,33.60,80.4
34800000,530,2.590,13199,1.8856,12,482,2.356,1033,1.8775,156,33.60,80.4
35400000,530,2.590,13199,1.8856,12,482,2.356,1033,1.8775,156,33.60,80.4
36000000,529,2.586,13251,1.8930,12,482,2.356,1033,1.8775,156,33.70,80.5
36600000,528,2.581,13303,1.9004,11,482,2.356,1033,1.8775,156,33.70,80.5
37200000,527,2.576,13355,1.9079,11,482,2.356,1033,1.8775,156,33.70,80.5
37800000,527,2.576,13355,1.9079,11,482,2.356,1033,1.8775,156,33.70,80.5
38400000,526,2.571,13408,1.9154,11,482,2.356,1033,1.8775,156,33.80,80.5
39000000,525,2.566,13460,1.9229,11,482,2.356,1033,1.8775,156,33.80,80.6
39600000,525,2.566,13460,1.9229,11,482,2.356,1033,1.8775,156,33.80,80.6
40200000,524,2.561,13513,1.9304,11,482,2.356,1033,1.8775,156,33.90,80.5
40800000,523,2.556,13566,1.9380,11,481,2.351,1037,1.8849,154,33.90,80.5
41400000,523,2.556,13566,1.9380,11,482,2.356,1033,1.8775,156,33.90,80.6
42000000,522,2.551,13619,1.9456,11,482,2.356,1033,1.8775,156,34.00,80.5
42600000,521,2.546,13673,1.9532,11,482,2.356,1033,1.8775,156,34.00,80.5
43200000,520,2.542,13726,1.9609,11,482,2.356,1033,1.8775,156,34.00,80.6
43800000,520,2.542,13726,1.9609,11,482,2.356,1033,1.8775,156,34.00,80.5
44400000,519,2.537,13780,1.9686,11,482,2.356,1033,1.8775,156,34.10,80.5
45000000,518,2.532,13834,1.9763,10,482,2.356,1033,1.8775,156,34.10,80.5
45600000,518,2.532,13834,1.9763,10,482,2.356,1033,1.8775,156,34.10,80.5
46200000,517,2.527,13888,1.9840,10,482,2.356,1033,1.8775,156,34.10,80.5
46800000,517,2.527,13888,1.9840,10,482,2.356,1033,1.8775,156,34.20,80.4
47400000,516,2.522,13943,1.9918,10,482,2.356,1033,1.8775,156,34.20,80.4
48000000,516,2.522,13943,1.9918,10,482,2.356,1033,1.8775,156,34.20,80.4
48600000,515,2.517,13997,1.9996,10,482,2.356,1033,1.8775,156,34.20,80.3
49200000,514,2.512,14052,2.0074,10,483,2.361,1029,1.8701,158,34.30,80.3
49800000,514,2.512,14052,2.0074,10,483,2.361,1029,1.8701,158,34.30,80.3
50400000,513,2.507,14107,2.0153,10,483,2.361,1029,1.8701,158,34.40,80.2
51000000,513,2.507,14107,2.0153,10,483,2.361,1029,1.8701,158,34.40,80.2
51600000,512,2.502,14162,2.0232,10,483,2.361,1029,1.8701,158,34.40,80.2
52200000,511,2.498,14218,2.0311,10,483,2.361,1029,1.8701,158,34.50,80.1
52800000,511,2.498,14218,2.0311,10,483,2.361,1029,1.8701,158,34.50,80.1
53400000,510,2.493,14273,2.0391,10,483,2.361,1029,1.8701,158,34.50,80.1
54000000,510,2.493,14273,2.0391,10,484,2.366,1025,1.8628,160,34.60,80.1
54600000,509,2.488,14329,2.0471,10,484,2.366,1025,1.8628,160,34.60,80.0
55200000,509,2.488,14329,2.0471,10,484,2.366,1025,1.8628,160,34.60,80.0
55800000,508,2.483,14386,2.0551,10,484,2.366,1025,1.8628,160,34.60,80.0
56400000,507,2.478,14442,2.0631,9,483,2.361,1029,1.8701,158,34.70,80.0
57000000,507,2.478,14442,2.0631,9,485,2.370,1021,1.8555,161,34.70,80.0
57600000,506,2.473,14498,2.0712,9,484,2.366,1025,1.8628,160,34.70,80.0
58200000,506,2.473,14498,2.0712,9,484,2.366,1025,1.8628,160,34.70,80.0
58800000,506,2.473,14498,2.0712,9,485,2.370,1021,1.8555,161,34.80,80.0
59400000,505,2.468,14555,2.0793,9,485,2.370,1021,1.8555,161,34.80,80.0
60000000,505,2.468,14555,2.0793,9,485,2.370,1021,1.8555,161,34.80,80.0
60600000,504,2.463,14612,2.0875,9,484,2.366,1025,1.8628,160,34.90,80.0
61200000,503,2.458,14670,2.0957,9,484,2.366,1025,1.8628,160,34.90,80.0
61800000,503,2.458,14670,2.0957,9,484,2.366,1025,1.8628,160,34.90,80.0
62400000,503,2.458,14670,2.0957,9,484,2.366,1025,1.8628,160,34.90,80.0
63000000,503,2.458,14670,2.0957,9,484,2.366,1025,1.8628,160,34.90,80.0
63600000,502,2.454,14727,2.1039,9,484,2.366,1025,1.8628,160,35.00,80.0
64200000,502,2.454,14727,2.1039,9,485,2.370,1021,1.8555,161,35.00,80.0
64800000,501,2.449,14785,2.1121,9,485,2.370,1021,1.8555,161,35.00,80.0
65400000,501,2.449,14785,2.1121,9,485,2.370,1021,1.8555,161,35.00,80.0
66000000,501,2.449,14785,2.1121,9,485,2.370,1021,1.8555,161,35.10,80.0
66600000,500,2.444,14843,2.1204,9,486,2.375,1017,1.8483,163,35.10,80.0
67200000,500,2.444,14843,2.1204,9,486,2.375,1017,1.8483,163,35.10,80.0
67800000,499,2.439,14901,2.1287,9,486,2.375,1017,1.8483,163,35.10,80.0
68400000,499,2.439,14901,2.1287,9,487,2.380,1013,1.8410,165,35.20,80.0
69000000,499,2.439,14901,2.1287,9,487,2.380,1013,1.8410,165,35.20,80.0
69600000,498,2.434,14959,2.1370,9,487,2.380,1013,1.8410,165,35.20,79.9
70200000,498,2.434,14959,2.1370,9,487,2.380,1013,1.8410,165,35.20,79.9
70800000,497,2.429,15018,2.1454,9,487,2.380,1013,1.8410,165,35.20,80.0
71400000,496,2.424,15077,2.1538,9,487,2.380,1013,1.8410,165,35.00,81.1
72000000,496,2.424,15077,2.1538,9,487,2.380,1013,1.8410,165,34.90,82.0
72600000,495,2.419,15136,2.1623,8,487,2.380,1013,1.8410,165,34.80,82.7
73200000,495,2.419,15136,2.1623,8,487,2.380,1013,1.8410,165,34.70,83.1
73800000,495,2.419,15136,2.1623,8,488,2.385,1009,1.8338,167,34.60,83.4
74400000,495,2.419,15136,2.1623,8,489,2.390,1005,1.8267,169,34.50,83.5
75000000,494,2.414,15195,2.1708,8,490,2.395,1001,1.8195,171,34.40,83.7
75600000,494,2.414,15195,2.1708,8,490,2.395,1001,1.8195,171,34.40,83.8
76200000,493,2.410,15255,2.1793,8,490,2.395,1001,1.8195,171,34.40,83.8
76800000,493,2.410,15255,2.1793,8,491,2.400,997,1.8124,173,34.40,83.9
77400000,493,2.410,15255,2.1793,8,491,2.400,997,1.8124,173,34.40,83.9
78000000,492,2.405,15315,2.1878,8,491,2.400,997,1.8124,173,34.40,84.0
78600000,492,2.405,15315,2.1878,8,492,2.405,993,1.8053,175,34.40,84.0
79200000,492,2.405,15315,2.1878,8,492,2.405,993,1.8053,175,34.30,84.0
79800000,492,2.405,15315,2.1878,8,492,2.405,993,1.8053,175,34.30,84.1
80400000,491,2.400,15375,2.1964,8,493,2.410,989,1.7983,177,34.30,84.0
81000000,491,2.400,15375,2.1964,8,493,2.410,989,1.7983,177,34.30,84.1
81600000,491,2.400,15375,2.1964,8,494,2.414,985,1.7912,179,34.30,84.2
82200000,491,2.400,15375,2.1964,8,495,2.419,981,1.7842,181,34.30,84.2
82800000,490,2.395,15435,2.2050,8,495,2.419,981,1.7842,181,34.30,84.3
83400000,490,2.395,15435,2.2050,8,496,2.424,978,1.7773,183,34.40,84.3
84000000,490,2.395,15435,2.2050,8,496,2.424,978,1.7773,183,34.40,84.4
84600000,490,2.395,15435,2.2050,8,497,2.429,974,1.7703,185,34.30,84.4
85200000,490,2.395,15435,2.2050,8,498,2.434,970,1.7634,188,34.30,84.4
85800000,490,2.395,15435,2.2050,8,498,2.434,970,1.7634,188,34.30,84.4
86400000,490,2.395,15435,2.2050,8,499,2.439,966,1.7565,190,34.30,84.4
87000000,489,2.390,15496,2.2137,8,499,2.439,966,1.7565,190,34.30,84.4
87600000,489,2.390,15496,2.2137,8,500,2.444,962,1.7497,192,34.20,84.4
88200000,489,2.390,15496,2.2137,8,500,2.444,962,1.7497,192,34.20,84.4
88800000,489,2.390,15496,2.2137,8,501,2.449,959,1.7428,194,34.20,84.4
89400000,489,2.390,15496,2.2137,8,501,2.449,959,1.7428,194,34.20,84.4
90000000,489,2.390,15496,2.2137,8,502,2.454,955,1.7360,196,34.20,84.4
90600000,488,2.385,15557,2.2224,8,502,2.454,955,1.7360,196,34.10,84.4
91200000,488,2.385,15557,2.2224,8,503,2.458,951,1.7293,199,34.10,84.4
91800000,488,2.385,15557,2.2224,8,503,2.458,951,1.7293,199,34.10,84.4
92400000,488,2.385,15557,2.2224,8,504,2.463,947,1.7225,201,34.10,84.4
93000000,488,2.385,15557,2.2224,8,504,2.463,947,1.7225,201,34.10,84.4
93600000,488,2.385,15557,2.2224,8,505,2.468,944,1.7158,203,34.00,84.3
94200000,487,2.380,15618,2.2311,8,505,2.468,944,1.7158,203,34.00,84.3
94800000,487,2.380,15618,2.2311,8,506,2.473,940,1.7091,206,34.00,84.3
95400000,487,2.380,15618,2.2311,8,506,2.473,940,1.7091,206,34.00,84.3
96000000,487,2.380,15618,2.2311,8,507,2.478,936,1.7024,208,34.00,84.2
96600000,487,2.380,15618,2.2311,8,507,2.478,936,1.7024,208,34.00,84.2
97200000,487,2.380,15618,2.2311,8,507,2.478,936,1.7024,208,33.90,84.1
97800000,487,2.380,15618,2.2311,8,508,2.483,933,1.6958,211,33.90,84.1
98400000,487,2.380,15618,2.2311,8,508,2.483,933,1.6958,211,33.90,84.1
99000000,487,2.380,15618,2.2311,8,509,2.488,929,1.6892,213,33.80,84.0
99600000,487,2.380,15618,2.2311,8,508,2.483,933,1.6958,211,33.80,84.0
100200000,487,2.380,15618,2.2311,8,508,2.483,933,1.6958,211,33.70,83.8
100800000,487,2.380,15618,2.2311,8,508,2.483,933,1.6958,211,33.50,83.7
101400000,487,2.380,15618,2.2311,8,508,2.483,933,1.6958,211,33.40,83.7
102000000,487,2.380,15618,2.2311,8,509,2.488,929,1.6892,213,33.30,83.7
102600000,486,2.375,15679,2.2399,8,509,2.488,929,1.6892,213,33.30,83.7
103200000,486,2.375,15679,2.2399,8,509,2.488,929,1.6892,213,33.20,83.6
103800000,486,2.375,15679,2.2399,8,509,2.488,929,1.6892,213,33.10,83.6
104400000,486,2.375,15679,2.2399,8,510,2.493,925,1.6826,215,33.10,83.5
105000000,486,2.375,15679,2.2399,8,510,2.493,925,1.6826,215,33.00,83.5
105600000,486,2.375,15679,2.2399,8,511,2.498,922,1.6760,218,33.00,83.5
106200000,486,2.375,15679,2.2399,8,511,2.498,922,1.6760,218,32.90,83.4
106800000,486,2.375,15679,2.2399,8,512,2.502,918,1.6695,220,32.90,83.5
107400000,486,2.375,15679,2.2399,8,513,2.507,915,1.6629,223,32.80,83.4
108000000,486,2.375,15679,2.2399,8,513,2.507,915,1.6629,223,32.80,83.3
108600000,486,2.375,15679,2.2399,8,514,2.512,911,1.6565,226,32.80,83.2
109200000,486,2.375,15679,2.2399,8,514,2.512,911,1.6565,226,32.70,83.1
109800000,485,2.370,15741,2.2487,8,515,2.517,907,1.6500,228,32.70,83.1
110400000,485,2.370,15741,2.2487,8,516,2.522,904,1.6436,231,32.70,83.1
111000000,485,2.370,15741,2.2487,8,516,2.522,904,1.6436,231,32.60,83.1
111600000,485,2.370,15741,2.2487,8,517,2.527,900,1.6371,234,32.60,83.0
112200000,485,2.370,15741,2.2487,8,517,2.527,900,1.6371,234,32.60,83.0
112800000,485,2.370,15741,2.2487,8,518,2.532,897,1.6307,236,32.50,82.9
113400000,485,2.370,15741,2.2487,8,518,2.532,897,1.6307,236,32.50,82.9
114000000,485,2.370,15741,2.2487,8,519,2.537,893,1.6244,239,32.40,82.9
114600000,485,2.370,15741,2.2487,8,519,2.537,893,1.6244,239,32.40,82.8
115200000,485,2.370,15741,2.2487,8,520,2.542,890,1.6180,242,32.40,82.8
115800000,485,2.370,15741,2.2487,8,520,2.542,890,1.6180,242,32.30,82.8
116400000,485,2.370,15741,2.2487,8,521,2.546,886,1.6117,245,32.30,82.7
117000000,485,2.370,15741,2.2487,8,521,2.546,886,1.6117,245,32.30,82.7
117600000,485,2.370,15741,2.2487,8,522,2.551,883,1.6054,247,32.20,82.7
118200000,485,2.370,15741,2.2487,8,522,2.551,883,1.6054,247,32.20,82.6
118800000,485,2.370,15741,2.2487,8,523,2.556,880,1.5992,250,32.10,82.6
119400000,484,2.366,15803,2.2575,8,523,2.556,880,1.5992,250,32.10,82.6
120000000,484,2.366,15803,2.2575,8,524,2.561,876,1.5929,253,32.10,82.6
120600000,484,2.366,15803,2.2575,8,526,2.571,869,1.5805,259,32.10,82.5
121200000,483,2.361,15865,2.2664,8,528,2.581,863,1.5682,265,32.30,82.7
121800000,483,2.361,15865,2.2664,8,528,2.581,863,1.5682,265,32.50,82.7
122400000,483,2.361,15865,2.2664,8,529,2.586,859,1.5621,268,32.70,82.7
123000000,483,2.361,15865,2.2664,8,530,2.590,856,1.5560,271,32.80,82.6
123600000,482,2.356,15927,2.2753,8,530,2.590,856,1.5560,271,32.90,82.6
124200000,482,2.356,15927,2.2753,8,530,2.590,856,1.5560,271,33.00,82.7
124800000,482,2.356,15927,2.2753,8,531,2.595,852,1.5499,275,33.00,82.7
125400000,482,2.356,15927,2.2753,8,531,2.595,852,1.5499,275,33.00,82.8
126000000,481,2.351,15990,2.2842,7,532,2.600,849,1.5438,278,33.00,82.8
126600000,480,2.346,16052,2.2932,7,531,2.595,852,1.5499,275,33.00,82.9
127200000,480,2.346,16052,2.2932,7,531,2.595,852,1.5499,275,33.00,82.9
127800000,480,2.346,16052,2.2932,7,532,2.600,849,1.5438,278,33.10,83.0
128400000,480,2.346,16052,2.2932,7,532,2.600,849,1.5438,278,33.10,83.0
129000000,480,2.346,16052,2.2932,7,533,2.605,846,1.5378,281,33.10,83.0
129600000,480,2.346,16052,2.2932,7,533,2.605,846,1.5378,281,33.20,83.0
130200000,480,2.346,16052,2.2932,7,534,2.610,842,1.5318,284,33.20,83.0
130800000,480,2.346,16052,2.2932,7,534,2.610,842,1.5318,284,33.20,83.0
131400000,480,2.346,16052,2.2932,7,535,2.615,839,1.5258,288,33.20,83.0
132000000,480,2.346,16052,2.2932,7,535,2.615,839,1.5258,288,33.30,83.0
132600000,480,2.346,16052,2.2932,7,536,2.620,836,1.5198,291,33.30,82.9
133200000,480,2.346,16052,2.2932,7,536,2.620,836,1.5198,291,33.30,82.9
133800000,480,2.346,16052,2.2932,7,536,2.620,836,1.5198,291,33.40,82.9
134400000,480,2.346,16052,2.2932,7,537,2.625,833,1.5139,294,33.40,82.8
135000000,480,2.346,16052,2.2932,7,537,2.625,833,1.5139,294,33.50,82.8
135600000,480,2.346,16052,2.2932,7,540,2.639,823,1.4962,305,33.50,82.7
136200000,480,2.346,16052,2.2932,7,541,2.644,820,1.4903,308,33.60,82.6
136800000,480,2.346,16052,2.2932,7,541,2.644,820,1.4903,308,33.60,82.5
137400000,480,2.346,16052,2.2932,7,541,2.644,820,1.4903,308,33.70,82.4
138000000,480,2.346,16052,2.2932,7,541,2.644,820,1.4903,308,33.70,82.4
138600000,480,2.346,16052,2.2932,7,542,2.649,816,1.4845,312,33.80,82.3
139200000,480,2.346,16052,2.2932,7,542,2.649,816,1.4845,312,33.80,82.3
139800000,480,2.346,16052,2.2932,7,542,2.649,816,1.4845,312,33.80,82.2
140400000,480,2.346,16052,2.2932,7,543,2.654,813,1.4787,315,33.90,82.2
141000000,480,2.346,16052,2.2932,7,543,2.654,813,1.4787,315,33.90,82.2
141600000,480,2.346,16052,2.2932,7,544,2.659,810,1.4729,319,33.90,82.1
142200000,480,2.346,16052,2.2932,7,544,2.659,810,1.4729,319,34.00,82.1
142800000,480,2.346,16052,2.2932,7,544,2.659,810,1.4729,319,34.00,82.0
143400000,480,2.346,16052,2.2932,7,544,2.659,810,1.4729,319,34.00,81.9
144000000,481,2.351,15990,2.2842,7,545,2.664,807,1.4671,323,34.10,81.9
144600000,481,2.351,15990,2.2842,7,545,2.664,807,1.4671,323,34.10,81.9
145200000,481,2.351,15990,2.2842,7,545,2.664,807,1.4671,323,34.10,81.8
145800000,481,2.351,15990,2.2842,7,546,2.669,804,1.4613,327,34.10,81.8
146400000,481,2.351,15990,2.2842,7,546,2.669,804,1.4613,327,34.20,81.7
147000000,481,2.351,15990,2.2842,7,547,2.674,801,1.4556,330,34.20,81.7
147600000,481,2.351,15990,2.2842,7,547,2.674,801,1.4556,330,34.20,81.6
148200000,481,2.351,15990,2.2842,7,547,2.674,801,1.4556,330,34.30,81.6
148800000,481,2.351,15990,2.2842,7,547,2.674,801,1.4556,330,34.30,81.6
149400000,481,2.351,15990,2.2842,7,548,2.678,797,1.4499,334,34.30,81.5
150000000,481,2.351,15990,2.2842,7,548,2.678,797,1.4499,334,34.30,81.5
150600000,481,2.351,15990,2.2842,7,548,2.678,797,1.4499,334,34.40,81.4
151200000,482,2.356,15927,2.2753,8,549,2.683,794,1.4442,338,34.40,81.4
151800000,482,2.356,15927,2.2753,8,549,2.683,794,1.4442,338,34.40,81.3
152400000,482,2.356,15927,2.2753,8,549,2.683,794,1.4442,338,34.50,81.2
153000000,482,2.356,15927,2.2753,8,550,2.688,791,1.4385,342,34.50,81.2
153600000,482,2.356,15927,2.2753,8,550,2.688,791,1.4385,342,34.50,81.2
154200000,482,2.356,15927,2.2753,8,550,2.688,791,1.4385,342,34.50,81.1
154800000,482,2.356,15927,2.2753,8,551,2.693,788,1.4329,346,34.60,81.1
155400000,482,2.356,15927,2.2753,8,551,2.693,788,1.4329,346,34.60,81.0
156000000,482,2.356,15927,2.2753,8,551,2.693,788,1.4329,346,34.60,81.0
156600000,482,2.356,15927,2.2753,8,552,2.698,785,1.4273,350,34.60,80.9
157200000,482,2.356,15927,2.2753,8,552,2.698,785,1.4273,350,34.70,80.9
157800000,483,2.361,15865,2.2664,8,552,2.698,785,1.4273,350,34.70,80.9
158400000,482,2.356,15927,2.2753,8,553,2.703,782,1.4217,354,34.70,80.8
159000000,483,2.361,15865,2.2664,8,553,2.703,782,1.4217,354,34.70,80.8
159600000,483,2.361,15865,2.2664,8,553,2.703,782,1.4217,354,34.80,80.7
160200000,483,2.361,15865,2.2664,8,553,2.703,782,1.4217,354,34.80,80.6
160800000,483,2.361,15865,2.2664,8,554,2.708,779,1.4161,358,34.80,80.6
161400000,483,2.361,15865,2.2664,8,554,2.708,779,1.4161,358,34.80,80.5
162000000,484,2.366,15803,2.2575,8,555,2.713,776,1.4105,363,34.80,80.5
162600000,484,2.366,15803,2.2575,8,555,2.713,776,1.4105,363,34.90,80.4
163200000,484,2.366,15803,2.2575,8,555,2.713,776,1.4105,363,34.90,80.4
163800000,484,2.366,15803,2.2575,8,556,2.717,773,1.4050,367,34.90,80.3
164400000,484,2.366,15803,2.2575,8,556,2.717,773,1.4050,367,34.90,80.3
165000000,484,2.366,15803,2.2575,8,556,2.717,773,1.4050,367,35.00,80.2
165600000,484,2.366,15803,2.2575,8,557,2.722,770,1.3994,371,35.00,80.2
166200000,484,2.366,15803,2.2575,8,557,2.722,770,1.3994,371,35.00,80.1
166800000,485,2.370,15741,2.2487,8,557,2.722,770,1.3994,371,35.00,80.1
167400000,485,2.370,15741,2.2487,8,558,2.727,767,1.3939,375,35.00,80.0
168000000,485,2.370,15741,2.2487,8,558,2.727,767,1.3939,375,35.10,80.0
168600000,485,2.370,15741,2.2487,8,558,2.727,767,1.3939,375,35.10,79.9
169200000,485,2.370,15741,2.2487,8,559,2.732,764,1.3885,380,35.10,79.9
169800000,485,2.370,15741,2.2487,8,559,2.732,764,1.3885,380,35.10,79.9
170400000,486,2.375,15679,2.2399,8,560,2.737,761,1.3830,384,35.10,79.8
171000000,485,2.370,15741,2.2487,8,559,2.732,764,1.3885,380,35.10,79.8
171600000,486,2.375,15679,2.2399,8,558,2.727,767,1.3939,375,35.10,79.7
172200000,486,2.375,15679,2.2399,8,558,2.727,767,1.3939,375,34.80,80.0
172800000,487,2.380,15618,2.2311,8,558,2.727,767,1.3939,375,34.60,80.3
173400000,487,2.380,15618,2.2311,8,559,2.732,764,1.3885,380,34.40,80.4
174000000,487,2.380,15618,2.2311,8,561,2.742,758,1.3775,389,34.30,80.4
174600000,487,2.380,15618,2.2311,8,561,2.742,758,1.3775,389,34.30,80.6
175200000,488,2.385,15557,2.2224,8,562,2.747,755,1.3721,393,34.40,80.5
175800000,488,2.385,15557,2.2224,8,564,2.757,749,1.3613,403,34.30,80.5
176400000,488,2.385,15557,2.2224,8,564,2.757,749,1.3613,403,34.50,80.5
177000000,488,2.385,15557,2.2224,8,565,2.761,746,1.3559,407,34.60,80.4
177600000,488,2.385,15557,2.2224,8,565,2.761,746,1.3559,407,34.70,80.3
178200000,488,2.385,15557,2.2224,8,565,2.761,746,1.3559,407,34.70,80.3
178800000,488,2.385,15557,2.2224,8,566,2.766,743,1.3506,412,34.80,80.2
179400000,488,2.385,15557,2.2224,8,566,2.766,743,1.3506,412,34.80,80.2
180000000,488,2.385,15557,2.2224,8,567,2.771,740,1.3453,417,34.80,80.1
180600000,488,2.385,15557,2.2224,8,567,2.771,740,1.3453,417,34.90,80.1
181200000,488,2.385,15557,2.2224,8,567,2.771,740,1.3453,417,34.90,80.1
181800000,489,2.390,15496,2.2137,8,568,2.776,737,1.3399,422,34.90,80.1
182400000,489,2.390,15496,2.2137,8,568,2.776,737,1.3399,422,34.90,80.0
183000000,489,2.390,15496,2.2137,8,568,2.776,737,1.3399,422,34.90,80.0
183600000,489,2.390,15496,2.2137,8,569,2.781,734,1.3347,427,35.00,80.0
184200000,489,2.390,15496,2.2137,8,569,2.781,734,1.3347,427,35.00,80.0
184800000,489,2.390,15496,2.2137,8,569,2.781,734,1.3347,427,35.00,80.0
185400000,489,2.390,15496,2.2137,8,570,2.786,731,1.3294,432,35.00,79.9
186000000,489,2.390,15496,2.2137,8,570,2.786,731,1.3294,432,35.10,79.9
186600000,489,2.390,15496,2.2137,8,570,2.786,731,1.3294,432,35.10,79.9
187200000,489,2.390,15496,2.2137,8,571,2.791,728,1.3241,437,35.10,79.9
187800000,489,2.390,15496,2.2137,8,571,2.791,728,1.3241,437,35.10,79.9
188400000,488,2.385,15557,2.2224,8,569,2.781,734,1.3347,427,35.10,79.9
189000000,489,2.390,15496,2.2137,8,569,2.781,734,1.3347,427,35.10,79.9
189600000,489,2.390,15496,2.2137,8,570,2.786,731,1.3294,432,35.20,79.8
190200000,489,2.390,15496,2.2137,8,570,2.786,731,1.3294,432,35.20,79.8
190800000,489,2.390,15496,2.2137,8,571,2.791,728,1.3241,437,35.20,79.8
191400000,489,2.390,15496,2.2137,8,571,2.791,728,1.3241,437,35.20,79.8
192000000,489,2.390,15496,2.2137,8,571,2.791,728,1.3241,437,35.20,79.8
192600000,489,2.390,15496,2.2137,8,572,2.796,725,1.3189,442,35.20,79.8
193200000,489,2.390,15496,2.2137,8,572,2.796,725,1.3189,442,35.30,79.8
193800000,489,2.390,15496,2.2137,8,572,2.796,725,1.3189,442,35.30,79.8
194400000,490,2.395,15435,2.2050,8,573,2.801,723,1.3137,447,35.30,79.8
195000000,490,2.395,15435,2.2050,8,573,2.801,723,1.3137,447,35.30,79.8
195600000,490,2.395,15435,2.2050,8,573,2.801,723,1.3137,447,35.30,79.8
196200000,490,2.395,15435,2.2050,8,574,2.805,720,1.3085,452,35.30,79.8
196800000,490,2.395,15435,2.2050,8,574,2.805,720,1.3085,452,35.30,79.8
197400000,490,2.395,15435,2.2050,8,575,2.810,717,1.3033,458,35.30,79.8
198000000,491,2.400,15375,2.1964,8,575,2.810,717,1.3033,458,35.30,79.8
198600000,491,2.400,15375,2.1964,8,576,2.815,714,1.2981,463,35.30,79.8
199200000,491,2.400,15375,2.1964,8,576,2.815,714,1.2981,463,35.30,79.8
199800000,491,2.400,15375,2.1964,8,576,2.815,714,1.2981,463,35.40,79.8
200400000,491,2.400,15375,2.1964,8,576,2.815,714,1.2981,463,35.40,79.8
201000000,491,2.400,15375,2.1964,8,577,2.820,711,1.2930,469,35.40,79.8
201600000,491,2.400,15375,2.1964,8,577,2.820,711,1.2930,469,35.40,79.8
202200000,491,2.400,15375,2.1964,8,577,2.820,711,1.2930,469,35.40,79.8
202800000,491,2.400,15375,2.1964,8,578,2.825,708,1.2878,474,35.40,79.8
203400000,492,2.405,15315,2.1878,8,578,2.825,708,1.2878,474,35.40,79.8
204000000,492,2.405,15315,2.1878,8,579,2.830,705,1.2827,480,35.40,79.8
204600000,492,2.405,15315,2.1878,8,579,2.830,705,1.2827,480,35.50,79.8
205200000,492,2.405,15315,2.1878,8,580,2.835,703,1.2776,485,35.50,79.8
205800000,492,2.405,15315,2.1878,8,580,2.835,703,1.2776,485,35.50,79.8
206400000,492,2.405,15315,2.1878,8,580,2.835,703,1.2776,485,35.50,79.8
207000000,492,2.405,15315,2.1878,8,580,2.835,703,1.2776,485,35.50,79.8
207600000,492,2.405,15315,2.1878,8,581,2.840,700,1.2725,491,35.50,79.8
208200000,492,2.405,15315,2.1878,8,581,2.840,700,1.2725,491,35.50,79.8
208800000,493,2.410,15255,2.1793,8,582,2.845,697,1.2675,497,35.50,79.8
209400000,493,2.410,15255,2.1793,8,582,2.845,697,1.2675,497,35.60,79.8
210000000,493,2.410,15255,2.1793,8,583,2.849,694,1.2624,503,35.50,79.8
210600000,493,2.410,15255,2.1793,8,583,2.849,694,1.2624,503,35.60,79.8
211200000,493,2.410,15255,2.1793,8,583,2.849,694,1.2624,503,35.60,79.8
211800000,493,2.410,15255,2.1793,8,584,2.854,692,1.2574,509,35.60,79.8
212400000,493,2.410,15255,2.1793,8,584,2.854,692,1.2574,509,35.60,79.8
213000000,494,2.414,15195,2.1708,8,585,2.859,689,1.2524,515,35.60,79.8
213600000,494,2.414,15195,2.1708,8,585,2.859,689,1.2524,515,35.60,79.8
214200000,494,2.414,15195,2.1708,8,585,2.859,689,1.2524,515,35.60,79.8
214800000,494,2.414,15195,2.1708,8,586,2.864,686,1.2474,521,35.60,79.8
215400000,494,2.414,15195,2.1708,8,586,2.864,686,1.2474,521,35.60,79.8
216000000,494,2.414,15195,2.1708,8,587,2.869,683,1.2424,527,35.60,79.8
216600000,494,2.414,15195,2.1708,8,587,2.869,683,1.2424,527,35.60,79.8
217200000,494,2.414,15195,2.1708,8,587,2.869,683,1.2424,527,35.60,79.7
217800000,494,2.414,15195,2.1708,8,587,2.869,683,1.2424,527,35.60,79.8
218400000,495,2.419,15136,2.1623,8,588,2.874,681,1.2375,533,35.60,79.7
219000000,495,2.419,15136,2.1623,8,588,2.874,681,1.2375,533,35.60,79.7
219600000,495,2.419,15136,2.1623,8,589,2.879,678,1.2325,540,35.70,79.7
220200000,495,2.419,15136,2.1623,8,589,2.879,678,1.2325,540,35.70,79.7
220800000,495,2.419,15136,2.1623,8,590,2.884,675,1.2276,546,35.70,79.7
221400000,495,2.419,15136,2.1623,8,590,2.884,675,1.2276,546,35.70,79.7
222000000,495,2.419,15136,2.1623,8,590,2.884,675,1.2276,546,35.70,79.7
222600000,495,2.419,15136,2.1623,8,591,2.889,672,1.2227,553,35.70,79.6
223200000,496,2.424,15077,2.1538,9,591,2.889,672,1.2227,553,35.70,79.6
223800000,496,2.424,15077,2.1538,9,592,2.893,670,1.2178,559,35.80,79.6
224400000,496,2.424,15077,2.1538,9,592,2.893,670,1.2178,559,35.80,79.6
225000000,496,2.424,15077,2.1538,9,592,2.893,670,1.2178,559,35.80,79.5
225600000,496,2.424,15077,2.1538,9,593,2.898,667,1.2129,566,35.80,79.5
226200000,496,2.424,15077,2.1538,9,593,2.898,667,1.2129,566,35.80,79.5
226800000,496,2.424,15077,2.1538,9,593,2.898,667,1.2129,566,35.80,79.4
227400000,496,2.424,15077,2.1538,9,592,2.893,670,1.2178,559,35.80,79.4
228000000,497,2.429,15018,2.1454,9,593,2.898,667,1.2129,566,35.80,79.3
228600000,497,2.429,15018,2.1454,9,594,2.903,664,1.2081,573,35.50,79.4
229200000,497,2.429,15018,2.1454,9,593,2.898,667,1.2129,566,35.50,79.6
229800000,497,2.429,15018,2.1454,9,593,2.898,667,1.2129,566,35.40,79.5
230400000,498,2.434,14959,2.1370,9,594,2.903,664,1.2081,573,35.30,79.5
231000000,498,2.434,14959,2.1370,9,594,2.903,664,1.2081,573,35.20,79.5
231600000,498,2.434,14959,2.1370,9,595,2.908,662,1.2032,579,35.10,79.5
232200000,498,2.434,14959,2.1370,9,595,2.908,662,1.2032,579,35.10,79.5
232800000,498,2.434,14959,2.1370,9,596,2.913,659,1.1984,586,35.10,79.6
233400000,498,2.434,14959,2.1370,9,596,2.913,659,1.1984,586,35.10,79.6
234000000,498,2.434,14959,2.1370,9,597,2.918,656,1.1936,593,35.00,79.6
234600000,499,2.439,14901,2.1287,9,597,2.918,656,1.1936,593,35.00,79.6
235200000,499,2.439,14901,2.1287,9,598,2.923,654,1.1888,600,35.00,79.6
235800000,499,2.439,14901,2.1287,9,598,2.923,654,1.1888,600,35.00,79.6
236400000,499,2.439,14901,2.1287,9,599,2.928,651,1.1840,608,35.00,79.6
237000000,499,2.439,14901,2.1287,9,599,2.928,651,1.1840,608,35.00,79.6
237600000,499,2.439,14901,2.1287,9,599,2.928,651,1.1840,608,35.00,79.6
238200000,499,2.439,14901,2.1287,9,600,2.933,649,1.1793,615,35.00,79.6
238800000,499,2.439,14901,2.1287,9,601,2.937,646,1.1745,622,35.00,79.7
239400000,499,2.439,14901,2.1287,9,601,2.937,646,1.1745,622,35.00,79.7
240000000,499,2.439,14901,2.1287,9,601,2.937,646,1.1745,622,35.10,79.7
240600000,499,2.439,14901,2.1287,9,602,2.942,643,1.1698,630,35.00,79.7
241200000,500,2.444,14843,2.1204,9,602,2.942,643,1.1698,630,35.00,79.6
241800000,500,2.444,14843,2.1204,9,602,2.942,643,1.1698,630,34.90,79.7
242400000,500,2.444,14843,2.1204,9,603,2.947,641,1.1651,637,34.90,79.6
243000000,499,2.439,14901,2.1287,9,603,2.947,641,1.1651,637,34.90,79.6
243600000,500,2.444,14843,2.1204,9,603,2.947,641,1.1651,637,34.90,79.6
244200000,500,2.444,14843,2.1204,9,603,2.947,641,1.1651,637,34.90,79.6
244800000,500,2.444,14843,2.1204,9,603,2.947,641,1.1651,637,34.90,79.6
245400000,500,2.444,14843,2.1204,9,604,2.952,638,1.1604,645,34.90,79.6
246000000,500,2.444,14843,2.1204,9,604,2.952,638,1.1604,645,34.90,79.6
246600000,500,2.444,14843,2.1204,9,605,2.957,636,1.1557,653,34.90,79.6
247200000,500,2.444,14843,2.1204,9,605,2.957,636,1.1557,653,34.90,79.6
247800000,503,2.458,14670,2.0957,9,612,2.991,618,1.1234,710,34.80,79.6
248400000,503,2.458,14670,2.0957,9,611,2.986,620,1.1279,701,34.80,79.5
249000000,503,2.458,14670,2.0957,9,611,2.986,620,1.1279,701,34.80,79.5
249600000,503,2.458,14670,2.0957,9,611,2.986,620,1.1279,701,34.80,79.6
250200000,503,2.458,14670,2.0957,9,611,2.986,620,1.1279,701,34.80,79.5
250800000,503,2.458,14670,2.0957,9,611,2.986,620,1.1279,701,34.80,79.5
251400000,503,2.458,14670,2.0957,9,610,2.981,623,1.1325,693,34.80,79.5
252000000,503,2.458,14670,2.0957,9,611,2.986,620,1.1279,701,34.80,79.5
252600000,503,2.458,14670,2.0957,9,611,2.986,620,1.1279,701,34.70,79.5
253200000,503,2.458,14670,2.0957,9,610,2.981,623,1.1325,693,34.70,79.5
253800000,504,2.463,14612,2.0875,9,610,2.981,623,1.1325,693,34.70,79.5
254400000,504,2.463,14612,2.0875,9,610,2.981,623,1.1325,693,34.60,79.3
255000000,505,2.468,14555,2.0793,9,611,2.986,620,1.1279,701,34.50,79.3
255600000,505,2.468,14555,2.0793,9,612,2.991,618,1.1234,710,34.40,79.3
256200000,505,2.468,14555,2.0793,9,612,2.991,618,1.1234,710,34.40,79.3
256800000,505,2.468,14555,2.0793,9,613,2.996,615,1.1188,718,34.40,79.3
257400000,505,2.468,14555,2.0793,9,612,2.991,618,1.1234,710,34.40,79.3
258000000,505,2.468,14555,2.0793,9,613,2.996,615,1.1188,718,34.40,79.3
258600000,506,2.473,14498,2.0712,9,613,2.996,615,1.1188,718,34.40,79.3
259200000,506,2.473,14498,2.0712,9,613,2.996,615,1.1188,718,34.40,79.2
259800000,506,2.473,14498,2.0712,9,614,3.001,613,1.1142,727,34.40,79.2
260400000,507,2.478,14442,2.0631,9,614,3.001,613,1.1142,727,34.30,79.2
261000000,507,2.478,14442,2.0631,9,614,3.001,613,1.1142,727,34.30,79.2
261600000,507,2.478,14442,2.0631,9,614,3.001,613,1.1142,727,34.30,79.2
262200000,507,2.478,14442,2.0631,9,615,3.006,610,1.1097,736,34.30,79.2
262800000,509,2.488,14329,2.0471,10,618,3.021,603,1.0962,763,34.20,79.2
263400000,510,2.493,14273,2.0391,10,621,3.035,596,1.0828,791,34.20,79.2
264000000,510,2.493,14273,2.0391,10,620,3.030,598,1.0873,781,34.30,79.3
264600000,510,2.493,14273,2.0391,10,620,3.030,598,1.0873,781,34.50,79.3
265200000,509,2.488,14329,2.0471,10,620,3.030,598,1.0873,781,34.60,79.3
265800000,510,2.493,14273,2.0391,10,619,3.025,600,1.0917,772,34.70,79.2
266400000,510,2.493,14273,2.0391,10,619,3.025,600,1.0917,772,34.80,79.2
267000000,509,2.488,14329,2.0471,10,619,3.025,600,1.0917,772,34.90,79.1
267600000,510,2.493,14273,2.0391,10,619,3.025,600,1.0917,772,34.90,79.1
268200000,510,2.493,14273,2.0391,10,619,3.025,600,1.0917,772,34.90,79.1
268800000,510,2.493,14273,2.0391,10,619,3.025,600,1.0917,772,35.00,79.0
269400000,510,2.493,14273,2.0391,10,619,3.025,600,1.0917,772,35.00,79.0
270000000,510,2.493,14273,2.0391,10,620,3.030,598,1.0873,781,35.10,79.0
270600000,511,2.498,14218,2.0311,10,620,3.030,598,1.0873,781,35.10,79.0
271200000,511,2.498,14218,2.0311,10,621,3.035,596,1.0828,791,35.10,78.9
271800000,512,2.502,14162,2.0232,10,621,3.035,596,1.0828,791,35.10,78.9
272400000,512,2.502,14162,2.0232,10,621,3.035,596,1.0828,791,35.10,78.9
273000000,513,2.507,14107,2.0153,10,621,3.035,596,1.0828,791,35.20,78.9
273600000,513,2.507,14107,2.0153,10,622,3.040,593,1.0784,800,35.20,78.9
274200000,514,2.512,14052,2.0074,10,622,3.040,593,1.0784,800,35.20,78.8
274800000,514,2.512,14052,2.0074,10,622,3.040,593,1.0784,800,35.20,78.8
275400000,514,2.512,14052,2.0074,10,623,3.045,591,1.0740,810,35.20,78.8
276000000,514,2.512,14052,2.0074,10,623,3.045,591,1.0740,810,35.30,78.8
276600000,515,2.517,13997,1.9996,10,623,3.045,591,1.0740,810,35.30,78.8
277200000,515,2.517,13997,1.9996,10,623,3.045,591,1.0740,810,35.30,78.8
277800000,516,2.522,13943,1.9918,10,624,3.050,588,1.0696,820,35.30,78.8
278400000,516,2.522,13943,1.9918,10,624,3.050,588,1.0696,820,35.30,78.8
279000000,517,2.527,13888,1.9840,10,624,3.050,588,1.0696,820,35.30,78.8
279600000,517,2.527,13888,1.9840,10,625,3.055,586,1.0652,830,35.30,78.7
280200000,517,2.527,13888,1.9840,10,625,3.055,586,1.0652,830,35.40,78.7
280800000,518,2.532,13834,1.9763,10,625,3.055,586,1.0652,830,35.40,78.7
281400000,518,2.532,13834,1.9763,10,625,3.055,586,1.0652,830,35.40,78.7
282000000,519,2.537,13780,1.9686,11,626,3.060,583,1.0608,840,35.40,78.7
282600000,519,2.537,13780,1.9686,11,626,3.060,583,1.0608,840,35.40,78.7
283200000,519,2.537,13780,1.9686,11,626,3.060,583,1.0608,840,35.40,78.7
283800000,520,2.542,13726,1.9609,11,627,3.065,581,1.0565,850,35.40,78.6
284400000,520,2.542,13726,1.9609,11,627,3.065,581,1.0565,850,35.40,78.7
285000000,521,2.546,13673,1.9532,11,627,3.065,581,1.0565,850,35.50,78.6
285600000,521,2.546,13673,1.9532,11,628,3.069,579,1.0521,861,35.50,78.6
286200000,522,2.551,13619,1.9456,11,628,3.069,579,1.0521,861,35.50,78.6
286800000,522,2.551,13619,1.9456,11,628,3.069,579,1.0521,861,35.50,78.6
287400000,523,2.556,13566,1.9380,11,629,3.074,576,1.0478,871,35.50,78.6
288000000,523,2.556,13566,1.9380,11,629,3.074,576,1.0478,871,35.50,78.6
288600000,524,2.561,13513,1.9304,11,629,3.074,576,1.0478,871,35.50,78.6
289200000,524,2.561,13513,1.9304,11,629,3.074,576,1.0478,871,35.50,78.6
289800000,524,2.561,13513,1.9304,11,629,3.074,576,1.0478,871,35.60,78.5
290400000,525,2.566,13460,1.9229,11,630,3.079,574,1.0435,882,35.60,78.6
291000000,525,2.566,13460,1.9229,11,630,3.079,574,1.0435,882,35.60,78.5
291600000,526,2.571,13408,1.9154,11,630,3.079,574,1.0435,882,35.60,78.5
292200000,527,2.576,13355,1.9079,11,630,3.079,574,1.0435,882,35.60,78.5
292800000,527,2.576,13355,1.9079,11,631,3.084,572,1.0392,893,35.60,78.5
293400000,528,2.581,13303,1.9004,11,631,3.084,572,1.0392,893,35.60,78.5
294000000,528,2.581,13303,1.9004,11,631,3.084,572,1.0392,893,35.60,78.5
294600000,529,2.586,13251,1.8930,12,632,3.089,569,1.0349,904,35.60,78.5
295200000,529,2.586,13251,1.8930,12,632,3.089,569,1.0349,904,35.60,78.5
295800000,530,2.590,13199,1.8856,12,633,3.094,567,1.0306,915,35.60,78.5
296400000,531,2.595,13148,1.8783,12,633,3.094,567,1.0306,915,35.60,78.5
297000000,531,2.595,13148,1.8783,12,633,3.094,567,1.0306,915,35.60,78.5
297600000,532,2.600,13096,1.8709,12,634,3.099,564,1.0263,926,35.60,78.5
298200000,533,2.605,13045,1.8636,12,634,3.099,564,1.0263,926,35.60,78.5
298800000,533,2.605,13045,1.8636,12,634,3.099,564,1.0263,926,35.60,78.5
299400000,534,2.610,12994,1.8563,12,634,3.099,564,1.0263,926,35.70,78.5
300000000,535,2.615,12943,1.8491,12,635,3.104,562,1.0221,938,35.70,78.5
300600000,535,2.615,12943,1.8491,12,635,3.104,562,1.0221,938,35.70,78.5
301200000,536,2.620,12893,1.8418,12,636,3.109,560,1.0178,949,35.70,78.5
301800000,537,2.625,12842,1.8346,12,636,3.109,560,1.0178,949,35.70,78.5
302400000,537,2.625,12842,1.8346,12,637,3.113,557,1.0136,961,35.70,78.5
303000000,538,2.630,12792,1.8274,12,637,3.113,557,1.0136,961,35.70,78.5
303600000,538,2.630,12792,1.8274,12,637,3.113,557,1.0136,961,35.70,78.5
304200000,539,2.634,12742,1.8203,13,637,3.113,557,1.0136,961,35.70,78.4
304800000,540,2.639,12692,1.8132,13,638,3.118,555,1.0094,973,35.70,78.5
305400000,542,2.649,12593,1.7990,13,638,3.118,555,1.0094,973,35.70,78.5
306000000,543,2.654,12544,1.7919,13,639,3.123,553,1.0052,985,35.70,78.5
306600000,544,2.659,12495,1.7849,13,640,3.128,551,1.0010,997,35.70,78.5
307200000,545,2.664,12446,1.7779,13,640,3.128,551,1.0010,997,35.70,78.5
307800000,545,2.664,12446,1.7779,13,640,3.128,551,1.0010,997,35.70,78.4
308400000,546,2.669,12397,1.7710,13,640,3.128,551,1.0010,997,35.80,78.4
309000000,547,2.674,12348,1.7640,14,641,3.133,548,0.9969,1009,35.80,78.4
309600000,547,2.674,12348,1.7640,14,641,3.133,548,0.9969,1009,35.80,78.4
310200000,548,2.678,12300,1.7571,14,641,3.133,548,0.9969,1009,35.80,78.4
310800000,548,2.678,12300,1.7571,14,641,3.133,548,0.9969,1009,35.80,78.4
311400000,549,2.683,12251,1.7502,14,642,3.138,546,0.9927,1022,35.80,78.4
312000000,550,2.688,12203,1.7433,14,643,3.143,544,0.9885,1035,35.90,78.3
312600000,550,2.688,12203,1.7433,14,643,3.143,544,0.9885,1035,35.90,78.4
313200000,551,2.693,12155,1.7365,14,644,3.148,541,0.9844,1047,35.90,78.3
313800000,551,2.693,12155,1.7365,14,641,3.133,548,0.9969,1009,35.90,78.3
314400000,552,2.698,12108,1.7297,14,641,3.133,548,0.9969,1009,35.80,78.2
315000000,552,2.698,12108,1.7297,14,643,3.143,544,0.9885,1035,35.50,78.2
315600000,553,2.703,12060,1.7229,14,644,3.148,541,0.9844,1047,35.30,78.2
316200000,554,2.708,12013,1.7161,14,645,3.152,539,0.9803,1060,35.10,78.3
316800000,555,2.713,11966,1.7094,15,645,3.152,539,0.9803,1060,35.10,78.4
317400000,555,2.713,11966,1.7094,15,646,3.157,537,0.9762,1074,35.10,78.4
318000000,556,2.717,11919,1.7027,15,646,3.157,537,0.9762,1074,35.10,78.4
318600000,556,2.717,11919,1.7027,15,646,3.157,537,0.9762,1074,35.00,78.4
319200000,556,2.717,11919,1.7027,15,647,3.162,535,0.9721,1087,35.00,78.4
319800000,557,2.722,11872,1.6960,15,647,3.162,535,0.9721,1087,35.00,78.5
320400000,557,2.722,11872,1.6960,15,647,3.162,535,0.9721,1087,35.00,78.5
321000000,557,2.722,11872,1.6960,15,647,3.162,535,0.9721,1087,35.00,78.5
321600000,557,2.722,11872,1.6960,15,647,3.162,535,0.9721,1087,35.00,78.5
322200000,558,2.727,11825,1.6893,15,648,3.167,532,0.9680,1101,34.90,78.5
322800000,558,2.727,11825,1.6893,15,648,3.167,532,0.9680,1101,34.90,78.5
323400000,559,2.732,11778,1.6826,15,648,3.167,532,0.9680,1101,34.90,78.5
324000000,559,2.732,11778,1.6826,15,649,3.172,530,0.9639,1114,34.90,78.5
324600000,560,2.737,11732,1.6760,15,649,3.172,530,0.9639,1114,34.90,78.5
325200000,560,2.737,11732,1.6760,15,649,3.172,530,0.9639,1114,34.80,78.5
325800000,560,2.737,11732,1.6760,15,651,3.182,526,0.9558,1143,34.80,78.5
326400000,560,2.737,11732,1.6760,15,651,3.182,526,0.9558,1143,34.90,78.6
327000000,560,2.737,11732,1.6760,15,650,3.177,528,0.9599,1128,35.00,78.5
327600000,560,2.737,11732,1.6760,15,651,3.182,526,0.9558,1143,34.90,78.5
328200000,560,2.737,11732,1.6760,15,652,3.187,523,0.9518,1157,34.90,78.5
328800000,560,2.737,11732,1.6760,15,652,3.187,523,0.9518,1157,34.90,78.5
329400000,560,2.737,11732,1.6760,15,652,3.187,523,0.9518,1157,34.90,78.5
330000000,561,2.742,11686,1.6694,15,652,3.187,523,0.9518,1157,34.90,78.5
330600000,561,2.742,11686,1.6694,15,652,3.187,523,0.9518,1157,34.90,78.5
331200000,561,2.742,11686,1.6694,15,653,3.192,521,0.9478,1171,34.90,78.5
331800000,561,2.742,11686,1.6694,15,652,3.187,523,0.9518,1157,34.80,78.5
332400000,562,2.747,11640,1.6628,16,654,3.196,519,0.9438,1186,34.80,78.4
333000000,562,2.747,11640,1.6628,16,652,3.187,523,0.9518,1157,34.90,78.5
333600000,562,2.747,11640,1.6628,16,653,3.192,521,0.9478,1171,34.90,78.4
334200000,563,2.752,11594,1.6563,16,653,3.192,521,0.9478,1171,34.90,78.4
334800000,563,2.752,11594,1.6563,16,653,3.192,521,0.9478,1171,34.80,78.4
335400000,564,2.757,11548,1.6497,16,654,3.196,519,0.9438,1186,34.80,78.4
336000000,564,2.757,11548,1.6497,16,654,3.196,519,0.9438,1186,34.80,78.4
336600000,564,2.757,11548,1.6497,16,654,3.196,519,0.9438,1186,34.70,78.3
337200000,564,2.757,11548,1.6497,16,654,3.196,519,0.9438,1186,34.70,78.3
337800000,565,2.761,11503,1.6432,16,654,3.196,519,0.9438,1186,34.70,78.3
338400000,565,2.761,11503,1.6432,16,654,3.196,519,0.9438,1186,34.70,78.2
339000000,565,2.761,11503,1.6432,16,655,3.201,517,0.9398,1201,34.60,78.2
339600000,565,2.761,11503,1.6432,16,655,3.201,517,0.9398,1201,34.60,78.2
340200000,566,2.766,11457,1.6368,16,655,3.201,517,0.9398,1201,34.60,78.2
340800000,566,2.766,11457,1.6368,16,655,3.201,517,0.9398,1201,34.60,78.2
341400000,566,2.766,11457,1.6368,16,656,3.206,515,0.9358,1216,34.60,78.2
342000000,566,2.766,11457,1.6368,16,655,3.201,517,0.9398,1201,34.60,78.2
342600000,567,2.771,11412,1.6303,16,655,3.201,517,0.9398,1201,34.50,78.1
343200000,567,2.771,11412,1.6303,16,656,3.206,515,0.9358,1216,34.40,78.0
343800000,567,2.771,11412,1.6303,16,656,3.206,515,0.9358,1216,34.30,78.1
344400000,567,2.771,11412,1.6303,16,656,3.206,515,0.9358,1216,34.30,78.1
345000000,567,2.771,11412,1.6303,16,657,3.211,513,0.9318,1232,34.20,78.1
345600000,568,2.776,11367,1.6239,16,657,3.211,513,0.9318,1232,34.20,78.1
346200000,569,2.781,11322,1.6174,17,657,3.211,513,0.9318,1232,34.10,78.1
346800000,569,2.781,11322,1.6174,17,657,3.211,513,0.9318,1232,34.10,78.1
347400000,569,2.781,11322,1.6174,17,657,3.211,513,0.9318,1232,34.00,78.1
348000000,570,2.786,11277,1.6110,17,660,3.226,506,0.9200,1279,34.00,78.1
348600000,570,2.786,11277,1.6110,17,660,3.226,506,0.9200,1279,34.10,78.2
349200000,571,2.791,11233,1.6047,17,661,3.231,504,0.9161,1295,34.30,78.2
349800000,571,2.791,11233,1.6047,17,661,3.231,504,0.9161,1295,34.50,78.1
350400000,572,2.796,11188,1.5983,17,662,3.236,502,0.9122,1312,34.60,78.1
351000000,572,2.796,11188,1.5983,17,662,3.236,502,0.9122,1312,34.60,78.1
351600000,572,2.796,11188,1.5983,17,662,3.236,502,0.9122,1312,34.70,78.1
352200000,573,2.801,11144,1.5920,17,662,3.236,502,0.9122,1312,34.70,78.0
352800000,573,2.801,11144,1.5920,17,662,3.236,502,0.9122,1312,34.80,77.9
353400000,573,2.801,11144,1.5920,17,662,3.236,502,0.9122,1312,34.80,77.9
354000000,574,2.805,11100,1.5857,17,662,3.236,502,0.9122,1312,34.80,77.8
354600000,574,2.805,11100,1.5857,17,662,3.236,502,0.9122,1312,34.80,77.7
355200000,575,2.810,11056,1.5794,17,663,3.240,500,0.9083,1328,34.90,77.7
355800000,575,2.810,11056,1.5794,17,662,3.236,502,0.9122,1312,34.90,77.7
356400000,575,2.810,11056,1.5794,17,662,3.236,502,0.9122,1312,34.90,77.7
357000000,575,2.810,11056,1.5794,17,663,3.240,500,0.9083,1328,35.00,77.7
357600000,575,2.810,11056,1.5794,17,663,3.240,500,0.9083,1328,35.00,77.6
358200000,576,2.815,11012,1.5731,18,663,3.240,500,0.9083,1328,35.00,77.6
358800000,576,2.815,11012,1.5731,18,663,3.240,500,0.9083,1328,35.00,77.6
359400000,576,2.815,11012,1.5731,18,664,3.245,497,0.9044,1345,35.00,77.6
360000000,577,2.820,10968,1.5669,18,663,3.240,500,0.9083,1328,35.00,77.5
360600000,577,2.820,10968,1.5669,18,663,3.240,500,0.9083,1328,35.10,77.5
361200000,577,2.820,10968,1.5669,18,664,3.245,497,0.9044,1345,35.10,77.5
361800000,578,2.825,10925,1.5607,18,664,3.245,497,0.9044,1345,35.10,77.5
362400000,578,2.825,10925,1.5607,18,664,3.245,497,0.9044,1345,35.10,77.5
363000000,578,2.825,10925,1.5607,18,664,3.245,497,0.9044,1345,35.10,77.4
363600000,578,2.825,10925,1.5607,18,665,3.250,495,0.9005,1362,35.10,77.4
364200000,579,2.830,10881,1.5545,18,665,3.250,495,0.9005,1362,35.10,77.4
364800000,579,2.830,10881,1.5545,18,665,3.250,495,0.9005,1362,35.10,77.4
365400000,579,2.830,10881,1.5545,18,665,3.250,495,0.9005,1362,35.20,77.3
366000000,580,2.835,10838,1.5483,18,664,3.245,497,0.9044,1345,35.20,77.4
366600000,580,2.835,10838,1.5483,18,665,3.250,495,0.9005,1362,35.20,77.3
367200000,581,2.840,10795,1.5422,18,665,3.250,495,0.9005,1362,35.20,77.3
367800000,581,2.840,10795,1.5422,18,665,3.250,495,0.9005,1362,35.20,77.3
368400000,581,2.840,10795,1.5422,18,665,3.250,495,0.9005,1362,35.20,77.3
369000000,581,2.840,10795,1.5422,18,665,3.250,495,0.9005,1362,35.20,77.3
369600000,582,2.845,10752,1.5360,19,665,3.250,495,0.9005,1362,35.20,77.3
370200000,582,2.845,10752,1.5360,19,665,3.250,495,0.9005,1362,35.20,77.2
370800000,582,2.845,10752,1.5360,19,665,3.250,495,0.9005,1362,35.20,77.2
371400000,582,2.845,10752,1.5360,19,666,3.255,493,0.8966,1380,35.20,77.2
372000000,583,2.849,10709,1.5299,19,666,3.255,493,0.8966,1380,35.20,77.2
372600000,583,2.849,10709,1.5299,19,666,3.255,493,0.8966,1380,35.20,77.2
373200000,584,2.854,10667,1.5238,19,666,3.255,493,0.8966,1380,35.30,77.2
373800000,584,2.854,10667,1.5238,19,667,3.260,491,0.8928,1397,35.30,77.2
374400000,585,2.859,10624,1.5178,19,667,3.260,491,0.8928,1397,35.20,77.2
375000000,585,2.859,10624,1.5178,19,667,3.260,491,0.8928,1397,35.30,77.1
375600000,586,2.864,10582,1.5117,19,667,3.260,491,0.8928,1397,35.30,77.2
376200000,586,2.864,10582,1.5117,19,667,3.260,491,0.8928,1397,35.30,77.1
376800000,586,2.864,10582,1.5117,19,667,3.260,491,0.8928,1397,35.30,77.1
377400000,587,2.869,10540,1.5057,20,668,3.265,489,0.8889,1415,35.30,77.1
378000000,587,2.869,10540,1.5057,20,668,3.265,489,0.8889,1415,35.30,77.1
378600000,588,2.874,10498,1.4997,20,668,3.265,489,0.8889,1415,35.30,77.1
379200000,588,2.874,10498,1.4997,20,669,3.270,487,0.8851,1433,35.30,77.1
379800000,589,2.879,10456,1.4937,20,668,3.265,489,0.8889,1415,35.30,77.1
380400000,589,2.879,10456,1.4937,20,669,3.270,487,0.8851,1433,35.30,77.1
381000000,590,2.884,10414,1.4877,20,669,3.270,487,0.8851,1433,35.30,77.1
381600000,590,2.884,10414,1.4877,20,669,3.270,487,0.8851,1433,35.30,77.0
382200000,590,2.884,10414,1.4877,20,669,3.270,487,0.8851,1433,35.30,77.0
382800000,591,2.889,10372,1.4818,20,669,3.270,487,0.8851,1433,35.30,77.0
383400000,591,2.889,10372,1.4818,20,669,3.270,487,0.8851,1433,35.30,77.0
384000000,592,2.893,10331,1.4758,20,669,3.270,487,0.8851,1433,35.30,77.0
384600000,593,2.898,10290,1.4699,21,670,3.275,485,0.8813,1452,35.30,77.0
385200000,593,2.898,10290,1.4699,21,670,3.275,485,0.8813,1452,35.30,77.0
385800000,594,2.903,10248,1.4640,21,670,3.275,485,0.8813,1452,35.30,77.0
386400000,594,2.903,10248,1.4640,21,670,3.275,485,0.8813,1452,35.30,77.0
387000000,594,2.903,10248,1.4640,21,670,3.275,485,0.8813,1452,35.30,77.0
387600000,595,2.908,10207,1.4582,21,670,3.275,485,0.8813,1452,35.30,77.0
388200000,595,2.908,10207,1.4582,21,670,3.275,485,0.8813,1452,35.30,77.0
388800000,595,2.908,10207,1.4582,21,670,3.275,485,0.8813,1452,35.30,77.0
389400000,596,2.913,10166,1.4523,21,670,3.275,485,0.8813,1452,35.30,77.0
390000000,596,2.913,10166,1.4523,21,670,3.275,485,0.8813,1452,35.30,77.0
390600000,597,2.918,10126,1.4465,21,671,3.280,483,0.8775,1470,35.30,77.0
391200000,597,2.918,10126,1.4465,21,671,3.280,483,0.8775,1470,35.30,77.0
391800000,597,2.918,10126,1.4465,21,671,3.280,483,0.8775,1470,35.30,77.0
392400000,598,2.923,10085,1.4407,22,671,3.280,483,0.8775,1470,35.30,77.0
393000000,598,2.923,10085,1.4407,22,671,3.280,483,0.8775,1470,35.30,77.0
393600000,599,2.928,10044,1.4349,22,671,3.280,483,0.8775,1470,35.30,77.0
394200000,600,2.933,10004,1.4291,22,671,3.280,483,0.8775,1470,35.30,77.0
394800000,600,2.933,10004,1.4291,22,671,3.280,483,0.8775,1470,35.40,76.9
395400000,601,2.937,9964,1.4234,22,671,3.280,483,0.8775,1470,35.40,76.9
396000000,602,2.942,9924,1.4177,22,671,3.280,483,0.8775,1470,35.40,76.9
396600000,602,2.942,9924,1.4177,22,671,3.280,483,0.8775,1470,35.40,76.9
397200000,602,2.942,9924,1.4177,22,672,3.284,481,0.8737,1489,35.40,76.9
397800000,603,2.947,9884,1.4119,23,672,3.284,481,0.8737,1489,35.40,76.8
398400000,603,2.947,9884,1.4119,23,672,3.284,481,0.8737,1489,35.40,76.8
399000000,604,2.952,9844,1.4062,23,672,3.284,481,0.8737,1489,35.50,76.8
399600000,605,2.957,9804,1.4006,23,674,3.294,476,0.8661,1528,35.50,76.8
400200000,605,2.957,9804,1.4006,23,672,3.284,481,0.8737,1489,35.50,76.8
400800000,606,2.962,9764,1.3949,23,671,3.280,483,0.8775,1470,35.50,76.7
401400000,606,2.962,9764,1.3949,23,672,3.284,481,0.8737,1489,35.50,76.7
402000000,607,2.967,9725,1.3893,23,671,3.280,483,0.8775,1470,35.50,76.7
402600000,607,2.967,9725,1.3893,23,672,3.284,481,0.8737,1489,35.60,76.7
403200000,608,2.972,9686,1.3837,24,672,3.284,481,0.8737,1489,35.60,76.7
403800000,608,2.972,9686,1.3837,24,672,3.284,481,0.8737,1489,35.60,76.6
404400000,609,2.977,9646,1.3781,24,672,3.284,481,0.8737,1489,35.60,76.6
405000000,610,2.981,9607,1.3725,24,672,3.284,481,0.8737,1489,35.60,76.6
405600000,610,2.981,9607,1.3725,24,672,3.284,481,0.8737,1489,35.60,76.6
406200000,611,2.986,9568,1.3669,24,672,3.284,481,0.8737,1489,35.70,76.6
406800000,611,2.986,9568,1.3669,24,672,3.284,481,0.8737,1489,35.70,76.6
407400000,612,2.991,9530,1.3614,25,673,3.289,478,0.8699,1508,35.70,76.6
408000000,612,2.991,9530,1.3614,25,673,3.289,478,0.8699,1508,35.70,76.6
408600000,613,2.996,9491,1.3558,25,673,3.289,478,0.8699,1508,35.70,76.6
409200000,614,3.001,9452,1.3503,25,674,3.294,476,0.8661,1528,35.70,76.6
409800000,614,3.001,9452,1.3503,25,673,3.289,478,0.8699,1508,35.70,76.6
410400000,614,3.001,9452,1.3503,25,673,3.289,478,0.8699,1508,35.80,76.6
411000000,615,3.006,9414,1.3448,25,674,3.294,476,0.8661,1528,35.80,76.6
411600000,616,3.011,9376,1.3394,26,675,3.299,474,0.8624,1548,35.80,76.6
412200000,617,3.016,9337,1.3339,26,676,3.304,472,0.8586,1568,35.80,76.6
412800000,617,3.016,9337,1.3339,26,675,3.299,474,0.8624,1548,35.80,76.7
413400000,618,3.021,9299,1.3285,26,675,3.299,474,0.8624,1548,35.80,76.6
414000000,616,3.011,9376,1.3394,26,673,3.289,478,0.8699,1508,35.80,76.7
414600000,617,3.016,9337,1.3339,26,673,3.289,478,0.8699,1508,35.80,76.7
415200000,618,3.021,9299,1.3285,26,674,3.294,476,0.8661,1528,35.90,76.7
415800000,619,3.025,9261,1.3230,26,675,3.299,474,0.8624,1548,35.90,76.7
416400000,619,3.025,9261,1.3230,26,674,3.294,476,0.8661,1528,35.90,76.7
417000000,619,3.025,9261,1.3230,26,674,3.294,476,0.8661,1528,35.90,76.7
417600000,619,3.025,9261,1.3230,26,673,3.289,478,0.8699,1508,35.90,76.7
418200000,618,3.021,9299,1.3285,26,671,3.280,483,0.8775,1470,35.80,76.6
418800000,619,3.025,9261,1.3230,26,672,3.284,481,0.8737,1489,35.60,76.8
419400000,619,3.025,9261,1.3230,26,671,3.280,483,0.8775,1470,35.50,77.1
420000000,618,3.021,9299,1.3285,26,671,3.280,483,0.8775,1470,35.30,77.2
420600000,618,3.021,9299,1.3285,26,672,3.284,481,0.8737,1489,35.20,77.3
421200000,618,3.021,9299,1.3285,26,672,3.284,481,0.8737,1489,35.10,77.3
421800000,619,3.025,9261,1.3230,26,672,3.284,481,0.8737,1489,35.00,77.3
422400000,619,3.025,9261,1.3230,26,674,3.294,476,0.8661,1528,34.80,77.3
423000000,619,3.025,9261,1.3230,26,674,3.294,476,0.8661,1528,34.70,77.4
423600000,619,3.025,9261,1.3230,26,673,3.289,478,0.8699,1508,34.70,77.5
424200000,620,3.030,9224,1.3176,27,674,3.294,476,0.8661,1528,34.70,77.4
424800000,620,3.030,9224,1.3176,27,674,3.294,476,0.8661,1528,34.70,77.5
425400000,620,3.030,9224,1.3176,27,674,3.294,476,0.8661,1528,34.60,77.4
426000000,620,3.030,9224,1.3176,27,674,3.294,476,0.8661,1528,34.60,77.4
426600000,620,3.030,9224,1.3176,27,673,3.289,478,0.8699,1508,34.50,77.5
427200000,620,3.030,9224,1.3176,27,674,3.294,476,0.8661,1528,34.50,77.5
427800000,620,3.030,9224,1.3176,27,673,3.289,478,0.8699,1508,34.40,77.3
428400000,620,3.030,9224,1.3176,27,674,3.294,476,0.8661,1528,34.20,77.3
429000000,620,3.030,9224,1.3176,27,674,3.294,476,0.8661,1528,34.00,77.3
429600000,621,3.035,9186,1.3123,27,674,3.294,476,0.8661,1528,33.90,77.4
430200000,621,3.035,9186,1.3123,27,674,3.294,476,0.8661,1528,33.80,77.4
430800000,621,3.035,9186,1.3123,27,674,3.294,476,0.8661,1528,33.70,77.4
431400000,621,3.035,9186,1.3123,27,675,3.299,474,0.8624,1548,33.60,77.4
432000000,621,3.035,9186,1.3123,27,675,3.299,474,0.8624,1548,33.60,77.4
432600000,621,3.035,9186,1.3123,27,674,3.294,476,0.8661,1528,33.50,77.4
433200000,621,3.035,9186,1.3123,27,674,3.294,476,0.8661,1528,33.40,77.4
433800000,621,3.035,9186,1.3123,27,674,3.294,476,0.8661,1528,33.30,77.4
434400000,621,3.035,9186,1.3123,27,675,3.299,474,0.8624,1548,33.30,77.4
435000000,621,3.035,9186,1.3123,27,675,3.299,474,0.8624,1548,33.20,77.4
435600000,621,3.035,9186,1.3123,27,675,3.299,474,0.8624,1548,33.20,77.5
436200000,621,3.035,9186,1.3123,27,675,3.299,474,0.8624,1548,33.20,77.4
436800000,620,3.030,9224,1.3176,27,675,3.299,474,0.8624,1548,33.10,77.5
437400000,620,3.030,9224,1.3176,27,674,3.294,476,0.8661,1528,33.10,77.5
438000000,620,3.030,9224,1.3176,27,674,3.294,476,0.8661,1528,33.10,77.5
438600000,620,3.030,9224,1.3176,27,675,3.299,474,0.8624,1548,33.00,77.5
439200000,620,3.030,9224,1.3176,27,675,3.299,474,0.8624,1548,33.00,77.5
439800000,620,3.030,9224,1.3176,27,674,3.294,476,0.8661,1528,33.00,77.5
440400000,620,3.030,9224,1.3176,27,675,3.299,474,0.8624,1548,32.90,77.6
441000000,620,3.030,9224,1.3176,27,675,3.299,474,0.8624,1548,32.80,77.6
441600000,620,3.030,9224,1.3176,27,675,3.299,474,0.8624,1548,32.80,77.5
442200000,620,3.030,9224,1.3176,27,674,3.294,476,0.8661,1528,32.70,77.6
442800000,619,3.025,9261,1.3230,26,674,3.294,476,0.8661,1528,32.70,77.5
443400000,619,3.025,9261,1.3230,26,674,3.294,476,0.8661,1528,32.60,77.5
444000000,619,3.025,9261,1.3230,26,674,3.294,476,0.8661,1528,32.60,77.5
444600000,619,3.025,9261,1.3230,26,674,3.294,476,0.8661,1528,32.60,77.5
445200000,619,3.025,9261,1.3230,26,676,3.304,472,0.8586,1568,32.50,77.5
445800000,620,3.030,9224,1.3176,27,677,3.309,470,0.8549,1588,32.60,77.6
446400000,620,3.030,9224,1.3176,27,676,3.304,472,0.8586,1568,32.90,77.6
447000000,620,3.030,9224,1.3176,27,676,3.304,472,0.8586,1568,33.10,77.6
447600000,620,3.030,9224,1.3176,27,675,3.299,474,0.8624,1548,33.30,77.6
448200000,620,3.030,9224,1.3176,27,675,3.299,474,0.8624,1548,33.40,77.6
448800000,620,3.030,9224,1.3176,27,676,3.304,472,0.8586,1568,33.40,77.6
449400000,620,3.030,9224,1.3176,27,676,3.304,472,0.8586,1568,33.50,77.5
450000000,620,3.030,9224,1.3176,27,676,3.304,472,0.8586,1568,33.60,77.5
450600000,620,3.030,9224,1.3176,27,675,3.299,474,0.8624,1548,33.60,77.4
451200000,620,3.030,9224,1.3176,27,676,3.304,472,0.8586,1568,33.70,77.4
451800000,620,3.030,9224,1.3176,27,675,3.299,474,0.8624,1548,33.70,77.4
452400000,620,3.030,9224,1.3176,27,675,3.299,474,0.8624,1548,33.80,77.4
453000000,620,3.030,9224,1.3176,27,675,3.299,474,0.8624,1548,33.80,77.3
453600000,620,3.030,9224,1.3176,27,675,3.299,474,0.8624,1548,33.80,77.3
454200000,620,3.030,9224,1.3176,27,675,3.299,474,0.8624,1548,33.90,77.2
454800000,620,3.030,9224,1.3176,27,675,3.299,474,0.8624,1548,33.90,77.2
455400000,620,3.030,9224,1.3176,27,675,3.299,474,0.8624,1548,34.00,77.2
456000000,620,3.030,9224,1.3176,27,675,3.299,474,0.8624,1548,34.00,77.1
456600000,621,3.035,9186,1.3123,27,675,3.299,474,0.8624,1548,34.00,77.2
457200000,620,3.030,9224,1.3176,27,675,3.299,474,0.8624,1548,34.00,77.1
457800000,620,3.030,9224,1.3176,27,674,3.294,476,0.8661,1528,34.00,77.1
458400000,620,3.030,9224,1.3176,27,674,3.294,476,0.8661,1528,34.10,77.1
459000000,620,3.030,9224,1.3176,27,674,3.294,476,0.8661,1528,34.10,77.0
459600000,620,3.030,9224,1.3176,27,675,3.299,474,0.8624,1548,34.10,77.0
460200000,620,3.030,9224,1.3176,27,674,3.294,476,0.8661,1528,34.10,77.0
460800000,620,3.030,9224,1.3176,27,674,3.294,476,0.8661,1528,34.10,77.0
461400000,620,3.030,9224,1.3176,27,674,3.294,476,0.8661,1528,34.20,76.9
462000000,621,3.035,9186,1.3123,27,674,3.294,476,0.8661,1528,34.20,76.9
462600000,621,3.035,9186,1.3123,27,674,3.294,476,0.8661,1528,34.20,76.9
463200000,621,3.035,9186,1.3123,27,674,3.294,476,0.8661,1528,34.20,76.9
463800000,621,3.035,9186,1.3123,27,675,3.299,474,0.8624,1548,34.20,76.9
464400000,621,3.035,9186,1.3123,27,675,3.299,474,0.8624,1548,34.30,76.8
465000000,621,3.035,9186,1.3123,27,675,3.299,474,0.8624,1548,34.30,76.9
465600000,621,3.035,9186,1.3123,27,675,3.299,474,0.8624,1548,34.30,76.8
466200000,621,3.035,9186,1.3123,27,674,3.294,476,0.8661,1528,34.30,76.8
466800000,621,3.035,9186,1.3123,27,674,3.294,476,0.8661,1528,34.30,76.8
467400000,621,3.035,9186,1.3123,27,674,3.294,476,0.8661,1528,34.30,76.7
468000000,621,3.035,9186,1.3123,27,674,3.294,476,0.8661,1528,34.30,76.8
468600000,622,3.040,9148,1.3069,27,674,3.294,476,0.8661,1528,34.30,76.7
469200000,622,3.040,9148,1.3069,27,674,3.294,476,0.8661,1528,34.30,76.7
469800000,622,3.040,9148,1.3069,27,674,3.294,476,0.8661,1528,34.30,76.7
470400000,622,3.040,9148,1.3069,27,675,3.299,474,0.8624,1548,34.40,76.7
471000000,622,3.040,9148,1.3069,27,675,3.299,474,0.8624,1548,34.40,76.7
471600000,622,3.040,9148,1.3069,27,676,3.304,472,0.8586,1568,34.40,76.7
472200000,622,3.040,9148,1.3069,27,675,3.299,474,0.8624,1548,34.40,76.7
472800000,622,3.040,9148,1.3069,27,675,3.299,474,0.8624,1548,34.40,76.7
473400000,622,3.040,9148,1.3069,27,675,3.299,474,0.8624,1548,34.40,76.7
474000000,622,3.040,9148,1.3069,27,674,3.294,476,0.8661,1528,34.40,76.7
474600000,622,3.040,9148,1.3069,27,675,3.299,474,0.8624,1548,34.40,76.7
475200000,622,3.040,9148,1.3069,27,675,3.299,474,0.8624,1548,34.40,76.7
475800000,622,3.040,9148,1.3069,27,675,3.299,474,0.8624,1548,34.40,76.6
476400000,622,3.040,9148,1.3069,27,676,3.304,472,0.8586,1568,34.50,76.7
477000000,622,3.040,9148,1.3069,27,676,3.304,472,0.8586,1568,34.50,76.7
477600000,622,3.040,9148,1.3069,27,676,3.304,472,0.8586,1568,34.50,76.7
478200000,623,3.045,9111,1.3015,27,676,3.304,472,0.8586,1568,34.50,76.7
478800000,623,3.045,9111,1.3015,27,676,3.304,472,0.8586,1568,34.50,76.7
479400000,623,3.045,9111,1.3015,27,676,3.304,472,0.8586,1568,34.50,76.7
480000000,623,3.045,9111,1.3015,27,676,3.304,472,0.8586,1568,34.50,76.6
480600000,623,3.045,9111,1.3015,27,676,3.304,472,0.8586,1568,34.50,76.7
481200000,623,3.045,9111,1.3015,27,676,3.304,472,0.8586,1568,34.50,76.6
481800000,623,3.045,9111,1.3015,27,677,3.309,470,0.8549,1588,34.60,76.6
482400000,623,3.045,9111,1.3015,27,677,3.309,470,0.8549,1588,34.60,76.6
483000000,623,3.045,9111,1.3015,27,677,3.309,470,0.8549,1588,34.60,76.6
483600000,623,3.045,9111,1.3015,27,678,3.314,468,0.8512,1609,34.60,76.6
484200000,623,3.045,9111,1.3015,27,678,3.314,468,0.8512,1609,34.60,76.6
484800000,624,3.050,9073,1.2962,28,678,3.314,468,0.8512,1609,34.70,76.6
485400000,624,3.050,9073,1.2962,28,678,3.314,468,0.8512,1609,34.70,76.6
486000000,624,3.050,9073,1.2962,28,678,3.314,468,0.8512,1609,34.70,76.6
486600000,622,3.040,9148,1.3069,27,675,3.299,474,0.8624,1548,34.70,76.6
487200000,622,3.040,9148,1.3069,27,676,3.304,472,0.8586,1568,34.60,76.5
487800000,621,3.035,9186,1.3123,27,676,3.304,472,0.8586,1568,34.10,77.0
488400000,621,3.035,9186,1.3123,27,677,3.309,470,0.8549,1588,33.80,77.3
489000000,621,3.035,9186,1.3123,27,679,3.319,466,0.8474,1630,33.70,77.4
489600000,622,3.040,9148,1.3069,27,680,3.324,464,0.8437,1651,33.50,77.4
490200000,622,3.040,9148,1.3069,27,679,3.319,466,0.8474,1630,33.60,77.8
490800000,622,3.040,9148,1.3069,27,679,3.319,466,0.8474,1630,33.60,77.8
491400000,622,3.040,9148,1.3069,27,679,3.319,466,0.8474,1630,33.60,77.8
492000000,621,3.035,9186,1.3123,27,680,3.324,464,0.8437,1651,33.60,77.8
492600000,621,3.035,9186,1.3123,27,680,3.324,464,0.8437,1651,33.60,77.9
493200000,621,3.035,9186,1.3123,27,680,3.324,464,0.8437,1651,33.60,78.0
493800000,621,3.035,9186,1.3123,27,680,3.324,464,0.8437,1651,33.60,78.0
494400000,621,3.035,9186,1.3123,27,681,3.328,462,0.8400,1672,33.60,78.0
495000000,621,3.035,9186,1.3123,27,681,3.328,462,0.8400,1672,33.60,78.0
495600000,620,3.030,9224,1.3176,27,680,3.324,464,0.8437,1651,33.60,78.1
496200000,620,3.030,9224,1.3176,27,680,3.324,464,0.8437,1651,33.60,78.0
496800000,620,3.030,9224,1.3176,27,681,3.328,462,0.8400,1672,33.60,78.1
497400000,620,3.030,9224,1.3176,27,681,3.328,462,0.8400,1672,33.60,78.1
498000000,619,3.025,9261,1.3230,26,681,3.328,462,0.8400,1672,33.60,78.1
498600000,619,3.025,9261,1.3230,26,682,3.333,460,0.8364,1694,33.60,78.2
499200000,619,3.025,9261,1.3230,26,682,3.333,460,0.8364,1694,33.70,78.2
499800000,619,3.025,9261,1.3230,26,682,3.333,460,0.8364,1694,33.70,78.1
500400000,619,3.025,9261,1.3230,26,682,3.333,460,0.8364,1694,33.70,78.2
501000000,619,3.025,9261,1.3230,26,682,3.333,460,0.8364,1694,33.60,78.2
501600000,619,3.025,9261,1.3230,26,683,3.338,458,0.8327,1716,33.60,78.2
502200000,619,3.025,9261,1.3230,26,683,3.338,458,0.8327,1716,33.60,78.2
502800000,619,3.025,9261,1.3230,26,683,3.338,458,0.8327,1716,33.60,78.2
503400000,619,3.025,9261,1.3230,26,683,3.338,458,0.8327,1716,33.60,78.2
504000000,619,3.025,9261,1.3230,26,683,3.338,458,0.8327,1716,33.60,78.2
504600000,619,3.025,9261,1.3230,26,683,3.338,458,0.8327,1716,33.60,78.2
505200000,618,3.021,9299,1.3285,26,683,3.338,458,0.8327,1716,33.60,78.2
505800000,618,3.021,9299,1.3285,26,683,3.338,458,0.8327,1716,33.60,78.2
506400000,618,3.021,9299,1.3285,26,683,3.338,458,0.8327,1716,33.30,78.1
507000000,617,3.016,9337,1.3339,26,683,3.338,458,0.8327,1716,33.20,78.1
507600000,617,3.016,9337,1.3339,26,684,3.343,456,0.8290,1739,33.00,78.1
508200000,617,3.016,9337,1.3339,26,684,3.343,456,0.8290,1739,32.90,78.1
508800000,610,2.981,9607,1.3725,24,670,3.275,485,0.8813,1452,32.80,78.1
509400000,614,3.001,9452,1.3503,25,681,3.328,462,0.8400,1672,32.70,78.0
510000000,605,2.957,9804,1.4006,23,665,3.250,495,0.9005,1362,32.70,78.0
510600000,606,2.962,9764,1.3949,23,667,3.260,491,0.8928,1397,32.70,77.9
511200000,608,2.972,9686,1.3837,24,670,3.275,485,0.8813,1452,32.70,77.9
511800000,611,2.986,9568,1.3669,24,677,3.309,470,0.8549,1588,32.70,77.9
512400000,613,2.996,9491,1.3558,25,681,3.328,462,0.8400,1672,32.60,77.9
513000000,616,3.011,9376,1.3394,26,686,3.353,452,0.8217,1785,32.40,77.9
513600000,617,3.016,9337,1.3339,26,688,3.363,448,0.8145,1832,32.30,78.0
514200000,618,3.021,9299,1.3285,26,690,3.372,444,0.8073,1881,32.20,78.1
514800000,617,3.016,9337,1.3339,26,690,3.372,444,0.8073,1881,32.10,78.1
515400000,618,3.021,9299,1.3285,26,692,3.382,440,0.8001,1931,32.10,78.1
516000000,618,3.021,9299,1.3285,26,692,3.382,440,0.8001,1931,32.10,78.2
516600000,619,3.025,9261,1.3230,26,693,3.387,438,0.7965,1956,32.00,78.2
517200000,619,3.025,9261,1.3230,26,693,3.387,438,0.7965,1956,32.00,78.2
517800000,620,3.030,9224,1.3176,27,695,3.397,434,0.7894,2009,31.90,78.2
517800000,620,3.030,9224,1.3176,27,695,3.397,434,0.7894,2090,31.90,78.2
517800000,620,3.030,9224,1.3176,27,695,3.397,434,0.7894,2063,31.90,78.2
517800000,620,3.030,9224,1.3176,27,695,3.397,434,0.7894,2090,31.90,78.2
517800000,620,3.030,9224,1.3176,25,695,3.397,434,0.7894,1832,31.90,78.2
517800000,620,3.030,9224,1.3176,25,695,3.397,434,0.7894,1832,31.90,78.2
517800000,620,3.030,9224,1.3176,25,695,3.397,434,0.7894,1881,31.90,78.2
517800000,620,3.030,9224,1.3176,25,695,3.397,434,0.7894,1856,31.90,78.2
517800000,620,3.030,9224,1.3176,26,695,3.397,434,0.7894,1931,31.90,78.2
517800000,620,3.030,9224,1.3176,26,695,3.397,434,0.7894,1956,31.90,78.2
517800000,620,3.030,9224,1.3176,26,695,3.397,434,0.7894,1956,31.90,78.2
517800000,620,3.030,9224,1.3176,26,695,3.397,434,0.7894,2036,31.90,78.2
517800000,620,3.030,9224,1.3176,26,695,3.397,434,0.7894,2063,31.90,78.2
517800000,620,3.030,9224,1.3176,26,695,3.397,434,0.7894,2036,31.90,78.2
517800000,620,3.030,9224,1.3176,27,695,3.397,434,0.7894,2090,31.90,78.2
517800000,620,3.030,9224,1.3176,27,695,3.397,434,0.7894,2090,31.90,78.2
517800000,620,3.030,9224,1.3176,27,695,3.397,434,0.7894,2090,31.90,78.2
517800000,620,3.030,9224,1.3176,27,695,3.397,434,0.7894,2090,31.90,78.2
517800000,620,3.030,9224,1.3176,27,695,3.397,434,0.7894,2118,31.90,78.2
517800000,620,3.030,9224,1.3176,27,695,3.397,434,0.7894,2118,31.90,78.2
517800000,620,3.030,9224,1.3176,27,695,3.397,434,0.7894,2090,31.90,78.2
517800000,620,3.030,9224,1.3176,27,695,3.397,434,0.7894,2063,31.90,78.2
517800000,620,3.030,9224,1.3176,27,695,3.397,434,0.7894,2036,31.90,78.2
517800000,620,3.030,9224,1.3176,27,695,3.397,434,0.7894,2036,31.90,78.2
517800000,620,3.030,9224,1.3176,27,695,3.397,434,0.7894,2036,31.90,78.2
517800000,620,3.030,9224,1.3176,27,695,3.397,434,0.7894,2036,31.90,78.2
517800000,620,3.030,9224,1.3176,27,695,3.397,434,0.7894,2036,31.90,78.2
517800000,620,3.030,9224,1.3176,27,695,3.397,434,0.7894,2063,31.90,78.2
517800000,620,3.030,9224,1.3176,27,695,3.397,434,0.7894,1956,31.90,78.2
517800000,620,3.030,9224,1.3176,27,695,3.397,434,0.7894,2036,31.90,78.2
517800000,620,3.030,9224,1.3176,28,695,3.397,434,0.7894,2063,31.90,78.2
517800000,620,3.030,9224,1.3176,27,695,3.397,434,0.7894,2036,31.90,78.2
517800000,620,3.030,9224,1.3176,28,695,3.397,434,0.7894,2036,31.90,78.2
517800000,620,3.030,9224,1.3176,28,695,3.397,434,0.7894,2063,31.90,78.2
517800000,620,3.030,9224,1.3176,28,695,3.397,434,0.7894,2036,31.90,78.2
517800000,620,3.030,9224,1.3176,28,695,3.397,434,0.7894,2036,31.90,78.2
517800000,620,3.030,9224,1.3176,28,695,3.397,434,0.7894,2063,31.90,78.2
517800000,620,3.030,9224,1.3176,28,695,3.397,434,0.7894,2063,31.90,78.2
517800000,620,3.030,9224,1.3176,28,695,3.397,434,0.7894,2036,31.90,78.2
517800000,620,3.030,9224,1.3176,28,695,3.397,434,0.7894,2036,31.90,78.2
517800000,620,3.030,9224,1.3176,28,695,3.397,434,0.7894,2036,31.90,78.2
517800000,620,3.030,9224,1.3176,28,695,3.397,434,0.7894,2063,31.90,78.2
517800000,620,3.030,9224,1.3176,28,695,3.397,434,0.7894,2063,31.90,78.2
517800000,620,3.030,9224,1.3176,28,695,3.397,434,0.7894,2036,31.90,78.2
517800000,620,3.030,9224,1.3176,28,695,3.397,434,0.7894,2036,31.90,78.2
517800000,620,3.030,9224,1.3176,27,695,3.397,434,0.7894,1931,31.90,78.2
517800000,620,3.030,9224,1.3176,26,695,3.397,434,0.7894,1808,31.90,78.2
517800000,620,3.030,9224,1.3176,26,695,3.397,434,0.7894,1808,31.90,78.2
517800000,620,3.030,9224,1.3176,26,695,3.397,434,0.7894,1808,31.90,78.2
517800000,620,3.030,9224,1.3176,27,695,3.397,434,0.7894,1808,31.90,78.2
517800000,620,3.030,9224,1.3176,27,695,3.397,434,0.7894,1808,31.90,78.2
517800000,620,3.030,9224,1.3176,27,695,3.397,434,0.7894,1808,31.90,78.2
517800000,620,3.030,9224,1.3176,27,695,3.397,434,0.7894,1808,31.90,78.2
517800000,620,3.030,9224,1.3176,27,695,3.397,434,0.7894,1832,31.90,78.2
517800000,620,3.030,9224,1.3176,27,695,3.397,434,0.7894,1832,31.90,78.2
517800000,620,3.030,9224,1.3176,27,695,3.397,434,0.7894,1832,31.90,78.2
517800000,620,3.030,9224,1.3176,27,695,3.397,434,0.7894,1856,31.90,78.2
517800000,620,3.030,9224,1.3176,27,695,3.397,434,0.7894,1856,31.90,78.2
517800000,620,3.030,9224,1.3176,27,695,3.397,434,0.7894,1856,31.90,78.2
517800000,620,3.030,9224,1.3176,27,695,3.397,434,0.7894,1856,31.90,78.2
517800000,620,3.030,9224,1.3176,27,695,3.397,434,0.7894,1832,31.90,78.2
517800000,620,3.030,9224,1.3176,27,695,3.397,434,0.7894,1856,31.90,78.2
517800000,620,3.030,9224,1.3176,27,695,3.397,434,0.7894,1832,31.90,78.2
517800000,620,3.030,9224,1.3176,28,695,3.397,434,0.7894,1856,31.90,78.2
517800000,620,3.030,9224,1.3176,28,695,3.397,434,0.7894,1856,31.90,78.2
517800000,620,3.030,9224,1.3176,28,695,3.397,434,0.7894,1832,31.90,78.2
517800000,620,3.030,9224,1.3176,28,695,3.397,434,0.7894,1832,31.90,78.2
517800000,620,3.030,9224,1.3176,28,695,3.397,434,0.7894,1832,31.90,78.2
517800000,620,3.030,9224,1.3176,28,695,3.397,434,0.7894,1856,31.90,78.2
517800000,620,3.030,9224,1.3176,28,695,3.397,434,0.7894,1856,31.90,78.2
517800000,620,3.030,9224,1.3176,28,695,3.397,434,0.7894,1856,31.90,78.2
517800000,620,3.030,9224,1.3176,28,695,3.397,434,0.7894,1856,31.90,78.2
517800000,620,3.030,9224,1.3176,28,695,3.397,434,0.7894,1856,31.90,78.2
517800000,620,3.030,9224,1.3176,28,695,3.397,434,0.7894,1856,31.90,78.2
517800000,620,3.030,9224,1.3176,28,695,3.397,434,0.7894,1856,31.90,78.2
517800000,620,3.030,9224,1.3176,28,695,3.397,434,0.7894,1856,31.90,78.2
517800000,620,3.030,9224,1.3176,28,695,3.397,434,0.7894,1881,31.90,78.2
517800000,620,3.030,9224,1.3176,28,695,3.397,434,0.7894,1881,31.90,78.2
517800000,620,3.030,9224,1.3176,28,695,3.397,434,0.7894,1881,31.90,78.2
517800000,620,3.030,9224,1.3176,28,695,3.397,434,0.7894,1881,31.90,78.2
517800000,620,3.030,9224,1.3176,28,695,3.397,434,0.7894,1881,31.90,78.2
517800000,620,3.030,9224,1.3176,28,695,3.397,434,0.7894,1905,31.90,78.2
517800000,620,3.030,9224,1.3176,28,695,3.397,434,0.7894,1905,31.90,78.2
517800000,620,3.030,9224,1.3176,28,695,3.397,434,0.7894,1905,31.90,78.2
517800000,620,3.030,9224,1.3176,29,695,3.397,434,0.7894,1881,31.90,78.2
517800000,620,3.030,9224,1.3176,29,695,3.397,434,0.7894,1856,31.90,78.2
517800000,620,3.030,9224,1.3176,29,695,3.397,434,0.7894,1881,31.90,78.2
517800000,620,3.030,9224,1.3176,29,695,3.397,434,0.7894,1881,31.90,78.2
517800000,620,3.030,9224,1.3176,29,695,3.397,434,0.7894,1881,31.90,78.2
517800000,620,3.030,9224,1.3176,29,695,3.397,434,0.7894,1881,31.90,78.2
517800000,620,3.030,9224,1.3176,29,695,3.397,434,0.7894,1881,31.90,78.2
517800000,620,3.030,9224,1.3176,29,695,3.397,434,0.7894,1881,31.90,78.2
517800000,620,3.030,9224,1.3176,29,695,3.397,434,0.7894,1881,31.90,78.2
517800000,620,3.030,9224,1.3176,29,695,3.397,434,0.7894,1881,31.90,78.2
517800000,620,3.030,9224,1.3176,29,695,3.397,434,0.7894,1881,31.90,78.2
517800000,620,3.030,9224,1.3176,29,695,3.397,434,0.7894,1881,31.90,78.2
517800000,620,3.030,9224,1.3176,31,695,3.397,434,0.7894,2090,31.90,78.2
517800000,620,3.030,9224,1.3176,33,695,3.397,434,0.7894,2235,31.90,78.2