mq2,mq4,Time,V_mq2,V_mq4,RS_mq2,RS_mq4,RSbyRO_mq2,RSbyRO_mq4
5,7,36:13.0,0.024,0.034,1036666.67,730294.12,1,0.852
5,6,45:12.6,0.024,0.029,1036666.67,857068.97,1,1
4,6,00:12.6,0.02,0.029,1245000,857068.97,1.201,1
7,6,15:12.6,0.034,0.029,730294.12,857068.97,0.704,1
9,10,30:12.6,0.044,0.049,563181.82,505204.08,0.543,0.589
6,4,45:12.6,0.029,0.02,857068.97,1245000,0.827,1.453
7,5,00:12.6,0.034,0.024,730294.12,1036666.67,0.704,1.21
7,5,15:12.6,0.034,0.024,730294.12,1036666.67,0.704,1.21
7,4,30:12.6,0.034,0.02,730294.12,1245000,0.704,1.453
9,16,45:12.6,0.044,0.078,563181.82,315512.82,0.543,0.368
8,13,00:12.6,0.039,0.064,636025.64,385625,0.614,0.45
7,12,15:12.6,0.034,0.059,730294.12,418728.81,0.704,0.489
7,11,30:12.6,0.034,0.054,730294.12,457962.96,0.704,0.534
7,10,45:12.6,0.034,0.049,730294.12,505204.08,0.704,0.589
7,9,00:12.6,0.034,0.044,730294.12,563181.82,0.704,0.657
8,9,15:12.6,0.039,0.044,636025.64,563181.82,0.614,0.657
9,8,30:12.6,0.044,0.039,563181.82,636025.64,0.543,0.742
11,8,45:12.6,0.054,0.039,457962.96,636025.64,0.442,0.742
12,7,00:12.6,0.059,0.034,418728.81,730294.12,0.404,0.852
14,7,15:12.6,0.068,0.034,362647.06,730294.12,0.35,0.852
15,6,30:12.6,0.073,0.029,337465.75,857068.97,0.326,1
15,6,45:12.6,0.073,0.029,337465.75,857068.97,0.326,1
16,5,00:12.6,0.078,0.024,315512.82,1036666.67,0.304,1.21
16,5,15:12.6,0.078,0.024,315512.82,1036666.67,0.304,1.21
17,5,30:12.6,0.083,0.024,296204.82,1036666.67,0.286,1.21
17,5,45:12.6,0.083,0.024,296204.82,1036666.67,0.286,1.21
17,4,00:12.6,0.083,0.02,296204.82,1245000,0.286,1.453
17,4,15:12.6,0.083,0.02,296204.82,1245000,0.286,1.453
16,4,30:12.6,0.078,0.02,315512.82,1245000,0.304,1.453
15,3,45:12.6,0.073,0.015,337465.75,1661666.67,0.326,1.939
15,3,00:12.6,0.073,0.015,337465.75,1661666.67,0.326,1.939
14,3,15:12.6,0.068,0.015,362647.06,1661666.67,0.35,1.939
14,3,30:12.6,0.068,0.015,362647.06,1661666.67,0.35,1.939
14,3,45:12.6,0.068,0.015,362647.06,1661666.67,0.35,1.939
11,2,00:12.6,0.054,0.01,457962.96,2495000,0.442,2.911
10,2,15:12.6,0.049,0.01,505204.08,2495000,0.487,2.911
14,3,30:12.6,0.068,0.015,362647.06,1661666.67,0.35,1.939
16,2,45:12.6,0.078,0.01,315512.82,2495000,0.304,2.911
14,3,00:12.6,0.068,0.015,362647.06,1661666.67,0.35,1.939
11,2,15:12.6,0.054,0.01,457962.96,2495000,0.442,2.911
11,2,30:12.6,0.054,0.01,457962.96,2495000,0.442,2.911
12,2,45:12.6,0.059,0.01,418728.81,2495000,0.404,2.911
14,3,00:12.6,0.068,0.015,362647.06,1661666.67,0.35,1.939
17,5,15:12.6,0.083,0.024,296204.82,1036666.67,0.286,1.21
28,7,30:12.6,0.137,0.034,177481.75,730294.12,0.171,0.852
22,7,45:12.6,0.108,0.034,226481.48,730294.12,0.218,0.852
30,10,00:12.6,0.147,0.049,165068.03,505204.08,0.159,0.589
31,13,15:12.6,0.152,0.064,159473.68,385625,0.154,0.45
25,11,30:12.6,0.122,0.054,199918.03,457962.96,0.193,0.534
21,7,45:12.6,0.103,0.034,237718.45,730294.12,0.229,0.852
22,7,00:12.6,0.108,0.034,226481.48,730294.12,0.218,0.852
24,8,15:12.6,0.117,0.039,208675.21,636025.64,0.201,0.742
29,8,30:12.6,0.142,0.039,171056.34,636025.64,0.165,0.742
28,8,45:12.6,0.137,0.039,177481.75,636025.64,0.171,0.742
26,5,00:12.6,0.127,0.024,191850.39,1036666.67,0.185,1.21
33,7,15:12.6,0.161,0.034,150279.5,730294.12,0.145,0.852
34,8,30:12.6,0.166,0.039,145602.41,636025.64,0.14,0.742
33,7,45:12.6,0.161,0.034,150279.5,730294.12,0.145,0.852
34,7,00:12.6,0.166,0.034,145602.41,730294.12,0.14,0.852
35,8,15:12.6,0.171,0.039,141198.83,636025.64,0.136,0.742
36,8,30:12.6,0.176,0.039,137045.45,636025.64,0.132,0.742
36,8,45:12.6,0.176,0.039,137045.45,636025.64,0.132,0.742
36,8,00:12.6,0.176,0.039,137045.45,636025.64,0.132,0.742
34,8,15:12.6,0.166,0.039,145602.41,636025.64,0.14,0.742
33,8,30:12.6,0.161,0.039,150279.5,636025.64,0.145,0.742
32,7,45:12.6,0.156,0.034,155256.41,730294.12,0.15,0.852
31,7,00:12.6,0.152,0.034,159473.68,730294.12,0.154,0.852
29,6,15:12.6,0.142,0.029,171056.34,857068.97,0.165,1
28,6,30:12.6,0.137,0.029,177481.75,857068.97,0.171,1
27,6,45:12.6,0.132,0.029,184393.94,857068.97,0.178,1
28,6,00:12.6,0.137,0.029,177481.75,857068.97,0.171,1
31,6,15:12.6,0.152,0.029,159473.68,857068.97,0.154,1
34,7,30:12.6,0.166,0.034,145602.41,730294.12,0.14,0.852
36,7,45:12.6,0.176,0.034,137045.45,730294.12,0.132,0.852
37,8,00:12.6,0.181,0.039,133121.55,636025.64,0.128,0.742
37,8,15:12.6,0.181,0.039,133121.55,636025.64,0.128,0.742
39,8,30:12.6,0.191,0.039,125890.05,636025.64,0.121,0.742
39,8,45:12.6,0.191,0.039,125890.05,636025.64,0.121,0.742
39,8,00:12.6,0.191,0.039,125890.05,636025.64,0.121,0.742
40,9,15:12.6,0.196,0.044,122551.02,563181.82,0.118,0.657
38,8,30:12.6,0.186,0.039,129408.6,636025.64,0.125,0.742
37,8,45:12.6,0.181,0.039,133121.55,636025.64,0.128,0.742
26,6,00:12.6,0.127,0.029,191850.39,857068.97,0.185,1
24,4,15:12.6,0.117,0.02,208675.21,1245000,0.201,1.453
23,4,30:12.6,0.112,0.02,218214.29,1245000,0.21,1.453
23,4,45:12.6,0.112,0.02,218214.29,1245000,0.21,1.453
27,7,00:12.6,0.132,0.034,184393.94,730294.12,0.178,0.852
26,7,15:12.6,0.127,0.034,191850.39,730294.12,0.185,0.852
23,6,30:12.6,0.112,0.029,218214.29,857068.97,0.21,1
17,4,45:12.6,0.083,0.02,296204.82,1245000,0.286,1.453
18,4,00:12.6,0.088,0.02,279090.91,1245000,0.269,1.453
15,3,15:12.6,0.073,0.015,337465.75,1661666.67,0.326,1.939
11,2,30:12.6,0.054,0.01,457962.96,2495000,0.442,2.911
20,5,45:12.6,0.098,0.024,250102.04,1036666.67,0.241,1.21
16,3,00:12.6,0.078,0.015,315512.82,1661666.67,0.304,1.939
23,6,15:12.6,0.112,0.029,218214.29,857068.97,0.21,1
27,7,30:12.6,0.132,0.034,184393.94,730294.12,0.178,0.852
29,9,45:12.6,0.142,0.044,171056.34,563181.82,0.165,0.657
26,7,00:12.6,0.127,0.034,191850.39,730294.12,0.185,0.852
23,5,15:12.6,0.112,0.024,218214.29,1036666.67,0.21,1.21
26,10,30:12.6,0.127,0.049,191850.39,505204.08,0.185,0.589
24,11,45:12.6,0.117,0.054,208675.21,457962.96,0.201,0.534
19,7,00:12.6,0.093,0.034,263817.2,730294.12,0.254,0.852
21,6,15:12.6,0.103,0.029,237718.45,857068.97,0.229,1
26,8,30:12.6,0.127,0.039,191850.39,636025.64,0.185,0.742
28,7,45:12.6,0.137,0.034,177481.75,730294.12,0.171,0.852
23,5,00:12.6,0.112,0.024,218214.29,1036666.67,0.21,1.21
24,6,15:12.6,0.117,0.029,208675.21,857068.97,0.201,1
24,6,30:12.6,0.117,0.029,208675.21,857068.97,0.201,1
24,6,45:12.6,0.117,0.029,208675.21,857068.97,0.201,1
24,6,00:12.6,0.117,0.029,208675.21,857068.97,0.201,1
24,6,15:12.6,0.117,0.029,208675.21,857068.97,0.201,1
23,6,30:12.6,0.112,0.029,218214.29,857068.97,0.21,1
22,6,45:12.6,0.108,0.029,226481.48,857068.97,0.218,1
22,6,00:12.6,0.108,0.029,226481.48,857068.97,0.218,1
21,6,15:12.6,0.103,0.029,237718.45,857068.97,0.229,1
21,5,30:12.6,0.103,0.024,237718.45,1036666.67,0.229,1.21
21,5,45:12.6,0.103,0.024,237718.45,1036666.67,0.229,1.21
21,5,00:12.6,0.103,0.024,237718.45,1036666.67,0.229,1.21
21,5,15:12.6,0.103,0.024,237718.45,1036666.67,0.229,1.21
20,4,30:12.6,0.098,0.02,250102.04,1245000,0.241,1.453
20,4,45:12.6,0.098,0.02,250102.04,1245000,0.241,1.453
19,4,00:12.6,0.093,0.02,263817.2,1245000,0.254,1.453
19,4,15:12.6,0.093,0.02,263817.2,1245000,0.254,1.453
19,4,30:12.6,0.093,0.02,263817.2,1245000,0.254,1.453
19,4,45:12.6,0.093,0.02,263817.2,1245000,0.254,1.453
19,4,00:12.6,0.093,0.02,263817.2,1245000,0.254,1.453
19,4,15:12.6,0.093,0.02,263817.2,1245000,0.254,1.453
19,4,30:12.6,0.093,0.02,263817.2,1245000,0.254,1.453
19,4,45:12.6,0.093,0.02,263817.2,1245000,0.254,1.453
19,4,00:12.6,0.093,0.02,263817.2,1245000,0.254,1.453
19,4,15:12.6,0.093,0.02,263817.2,1245000,0.254,1.453
18,4,30:12.6,0.088,0.02,279090.91,1245000,0.269,1.453
18,3,45:12.6,0.088,0.015,279090.91,1661666.67,0.269,1.939
18,3,00:12.6,0.088,0.015,279090.91,1661666.67,0.269,1.939
17,3,15:12.6,0.083,0.015,296204.82,1661666.67,0.286,1.939
17,3,30:12.6,0.083,0.015,296204.82,1661666.67,0.286,1.939
17,3,45:12.6,0.083,0.015,296204.82,1661666.67,0.286,1.939
16,3,00:12.6,0.078,0.015,315512.82,1661666.67,0.304,1.939
12,2,15:12.6,0.059,0.01,418728.81,2495000,0.404,2.911
10,2,30:12.6,0.049,0.01,505204.08,2495000,0.487,2.911
10,2,45:12.6,0.049,0.01,505204.08,2495000,0.487,2.911
7,1,00:12.6,0.034,0.005,730294.12,4995000,0.704,5.828
8,1,15:12.6,0.039,0.005,636025.64,4995000,0.614,5.828
9,1,30:12.6,0.044,0.005,563181.82,4995000,0.543,5.828
8,1,45:12.6,0.039,0.005,636025.64,4995000,0.614,5.828
8,1,00:12.6,0.039,0.005,636025.64,4995000,0.614,5.828
7,1,15:12.6,0.034,0.005,730294.12,4995000,0.704,5.828
7,1,30:12.6,0.034,0.005,730294.12,4995000,0.704,5.828
7,1,45:12.6,0.034,0.005,730294.12,4995000,0.704,5.828
8,1,00:12.6,0.039,0.005,636025.64,4995000,0.614,5.828
9,1,15:12.6,0.044,0.005,563181.82,4995000,0.543,5.828
10,1,30:12.6,0.049,0.005,505204.08,4995000,0.487,5.828
10,1,45:12.6,0.049,0.005,505204.08,4995000,0.487,5.828
10,1,00:12.6,0.049,0.005,505204.08,4995000,0.487,5.828
12,2,15:12.6,0.059,0.01,418728.81,2495000,0.404,2.911
13,2,30:12.6,0.064,0.01,385625,2495000,0.372,2.911
16,2,45:12.6,0.078,0.01,315512.82,2495000,0.304,2.911
16,1,00:12.6,0.078,0.005,315512.82,4995000,0.304,5.828
19,2,15:12.6,0.093,0.01,263817.2,2495000,0.254,2.911
23,2,30:12.6,0.112,0.01,218214.29,2495000,0.21,2.911
29,2,45:12.6,0.142,0.01,171056.34,2495000,0.165,2.911
35,3,00:12.6,0.171,0.015,141198.83,1661666.67,0.136,1.939
42,3,15:12.6,0.205,0.015,116951.22,1661666.67,0.113,1.939
45,4,30:12.6,0.22,0.02,108636.36,1245000,0.105,1.453
47,4,45:12.6,0.23,0.02,103695.65,1245000,0.1,1.453
51,4,00:12.6,0.249,0.02,95401.61,1245000,0.092,1.453
54,5,15:12.6,0.264,0.024,89696.97,1036666.67,0.087,1.21
61,5,30:12.6,0.298,0.024,78892.62,1036666.67,0.076,1.21
66,6,45:12.6,0.323,0.029,72399.38,857068.97,0.07,1
75,7,00:12.6,0.367,0.034,63119.89,730294.12,0.061,0.852
77,8,15:12.6,0.376,0.039,61489.36,636025.64,0.059,0.742
85,9,30:12.6,0.415,0.044,55240.96,563181.82,0.053,0.657
89,10,45:12.6,0.435,0.049,52471.26,505204.08,0.051,0.589
91,11,00:12.6,0.445,0.054,51179.78,457962.96,0.049,0.534
93,12,15:12.6,0.455,0.059,49945.05,418728.81,0.048,0.489
92,12,30:12.6,0.45,0.059,50555.56,418728.81,0.049,0.489
86,12,45:12.6,0.42,0.059,54523.81,418728.81,0.053,0.489
102,11,00:12.6,0.499,0.054,45100.2,457962.96,0.044,0.534
104,11,15:12.6,0.508,0.054,44212.6,457962.96,0.043,0.534
84,10,30:12.6,0.411,0.049,55827.25,505204.08,0.054,0.589
68,9,45:12.6,0.332,0.044,70301.2,563181.82,0.068,0.657
72,9,00:12.6,0.352,0.044,66022.73,563181.82,0.064,0.657
91,8,15:12.6,0.445,0.039,51179.78,636025.64,0.049,0.742
161,6,30:12.6,0.787,0.029,26766.2,857068.97,0.026,1
66,4,45:12.6,0.323,0.02,72399.38,1245000,0.07,1.453
59,3,00:12.6,0.288,0.015,81805.56,1661666.67,0.079,1.939
49,2,15:12.6,0.239,0.01,99602.51,2495000,0.096,2.911
18,2,30:12.6,0.088,0.01,279090.91,2495000,0.269,2.911
69,1,45:12.6,0.337,0.005,69183.98,4995000,0.067,5.828
58,1,00:12.6,0.283,0.005,83339.22,4995000,0.08,5.828
34,1,15:12.6,0.166,0.005,145602.41,4995000,0.14,5.828
55,1,30:12.6,0.269,0.005,87936.8,4995000,0.085,5.828
44,1,45:12.6,0.215,0.005,111279.07,4995000,0.107,5.828
52,1,00:12.6,0.254,0.005,93425.2,4995000,0.09,5.828
61,1,15:12.6,0.298,0.005,78892.62,4995000,0.076,5.828
41,1,30:12.6,0.2,0.005,120000,4995000,0.116,5.828
38,1,45:12.6,0.186,0.005,129408.6,4995000,0.125,5.828
55,1,00:12.6,0.269,0.005,87936.8,4995000,0.085,5.828
44,1,15:12.6,0.215,0.005,111279.07,4995000,0.107,5.828
58,1,30:12.6,0.283,0.005,83339.22,4995000,0.08,5.828
77,1,45:12.6,0.376,0.005,61489.36,4995000,0.059,5.828
71,1,00:12.6,0.347,0.005,67046.11,4995000,0.065,5.828
85,1,15:12.6,0.415,0.005,55240.96,4995000,0.053,5.828
106,1,30:12.6,0.518,0.005,43262.55,4995000,0.042,5.828
119,2,45:12.6,0.582,0.01,37955.33,2495000,0.037,2.911
189,2,00:12.6,0.924,0.01,22056.28,2495000,0.021,2.911
150,2,15:12.6,0.733,0.01,29106.41,2495000,0.028,2.911
158,2,30:12.6,0.772,0.01,27383.42,2495000,0.026,2.911
134,2,45:12.6,0.655,0.01,33167.94,2495000,0.032,2.911
140,2,00:12.6,0.684,0.01,31549.71,2495000,0.03,2.911
42,2,15:12.6,0.205,0.01,116951.22,2495000,0.113,2.911
45,2,30:12.6,0.22,0.01,108636.36,2495000,0.105,2.911
135,2,45:12.6,0.66,0.01,32878.79,2495000,0.032,2.911
118,2,00:12.6,0.577,0.01,38327.56,2495000,0.037,2.911
103,2,15:12.6,0.503,0.01,44701.79,2495000,0.043,2.911
128,2,30:12.6,0.626,0.01,34936.1,2495000,0.034,2.911
112,2,45:12.6,0.547,0.01,40703.84,2495000,0.039,2.911
125,2,00:12.6,0.611,0.01,35916.53,2495000,0.035,2.911
131,2,15:12.6,0.64,0.01,34062.5,2495000,0.033,2.911
92,2,30:12.6,0.45,0.01,50555.56,2495000,0.049,2.911
134,2,45:12.6,0.655,0.01,33167.94,2495000,0.032,2.911
114,2,00:12.6,0.557,0.01,39883.3,2495000,0.038,2.911
154,2,15:12.6,0.753,0.01,28200.53,2495000,0.027,2.911
156,2,30:12.6,0.762,0.01,27808.4,2495000,0.027,2.911
96,2,45:12.6,0.469,0.01,48304.9,2495000,0.047,2.911
137,2,00:12.6,0.67,0.01,32313.43,2495000,0.031,2.911
54,4,15:12.6,0.264,0.02,89696.97,1245000,0.087,1.453
50,12,30:12.6,0.244,0.059,97459.02,418728.81,0.094,0.489
62,9,45:12.6,0.303,0.044,77508.25,563181.82,0.075,0.657
59,14,00:12.6,0.288,0.068,81805.56,362647.06,0.079,0.423
49,8,15:12.6,0.239,0.039,99602.51,636025.64,0.096,0.742
33,5,30:12.6,0.161,0.024,150279.5,1036666.67,0.145,1.21
24,4,45:12.6,0.117,0.02,208675.21,1245000,0.201,1.453
21,3,00:12.6,0.103,0.015,237718.45,1661666.67,0.229,1.939
30,2,15:12.6,0.147,0.01,165068.03,2495000,0.159,2.911
33,4,30:12.6,0.161,0.02,150279.5,1245000,0.145,1.453
39,6,45:12.6,0.191,0.029,125890.05,857068.97,0.121,1
29,4,00:12.6,0.142,0.02,171056.34,1245000,0.165,1.453
24,4,15:12.6,0.117,0.02,208675.21,1245000,0.201,1.453
34,6,30:12.6,0.166,0.029,145602.41,857068.97,0.14,1
103,22,45:12.6,0.503,0.108,44701.79,226481.48,0.043,0.264
217,47,00:12.6,1.061,0.23,18562.68,103695.65,0.018,0.121
340,112,15:12.6,1.662,0.547,10042.12,40703.84,0.01,0.047
350,141,30:12.6,1.711,0.689,9611.34,31284.47,0.009,0.037
355,155,45:12.6,1.735,0.758,9409.22,27981.53,0.009,0.033
355,177,00:12.6,1.735,0.865,9409.22,23901.73,0.009,0.028
340,193,15:12.6,1.662,0.943,10042.12,21511.13,0.01,0.025
308,203,30:12.6,1.505,0.992,11611.3,20201.61,0.011,0.024
291,196,45:12.6,1.422,0.958,12580.87,21096.03,0.012,0.025
272,196,00:12.6,1.329,0.958,13811.14,21096.03,0.013,0.025
254,191,15:12.6,1.241,0.934,15145.04,21766.6,0.015,0.025
238,186,30:12.6,1.163,0.909,16496.13,22502.75,0.016,0.026
229,184,45:12.6,1.119,0.899,17341.38,22808.68,0.017,0.027
220,181,00:12.6,1.075,0.885,18255.81,23248.59,0.018,0.027
209,184,15:12.6,1.022,0.899,19461.84,22808.68,0.019,0.027
199,198,30:12.6,0.973,0.968,20693.73,20826.45,0.02,0.024
187,188,45:12.6,0.914,0.919,22352.3,22203.48,0.022,0.026
178,188,00:12.6,0.87,0.919,23735.63,22203.48,0.023,0.026
171,191,15:12.6,0.836,0.934,24904.31,21766.6,0.024,0.025
165,193,30:12.6,0.806,0.943,26017.37,21511.13,0.025,0.025
159,191,45:12.6,0.777,0.934,27175.03,21766.6,0.026,0.025
156,188,00:12.6,0.762,0.919,27808.4,22203.48,0.027,0.026
152,188,15:12.6,0.743,0.919,28647.38,22203.48,0.028,0.026
149,186,30:12.6,0.728,0.909,29340.66,22502.75,0.028,0.026
147,184,45:12.6,0.718,0.899,29818.94,22808.68,0.029,0.027
145,181,00:12.6,0.709,0.885,30260.93,23248.59,0.029,0.027
143,181,15:12.6,0.699,0.885,30765.38,23248.59,0.03,0.027
143,179,30:12.6,0.699,0.875,30765.38,23571.43,0.03,0.028
145,177,45:12.6,0.709,0.865,30260.93,23901.73,0.029,0.028
145,177,00:12.6,0.709,0.865,30260.93,23901.73,0.029,0.028
145,174,15:12.6,0.709,0.85,30260.93,24411.76,0.029,0.028
145,172,30:12.6,0.709,0.841,30260.93,24726.52,0.029,0.029
149,163,45:12.6,0.728,0.797,29340.66,26367.63,0.028,0.031
154,161,00:12.6,0.753,0.787,28200.53,26766.2,0.027,0.031
159,141,15:12.6,0.777,0.689,27175.03,31284.47,0.026,0.037
163,134,30:12.6,0.797,0.655,26367.63,33167.94,0.025,0.039
154,132,45:12.6,0.753,0.645,28200.53,33759.69,0.027,0.039
140,117,00:12.6,0.684,0.572,31549.71,38706.29,0.03,0.045
145,114,15:12.6,0.709,0.557,30260.93,39883.3,0.029,0.047
149,100,30:12.6,0.728,0.489,29340.66,46124.74,0.028,0.054
152,96,45:12.6,0.743,0.469,28647.38,48304.9,0.028,0.056
161,98,00:12.6,0.787,0.479,26766.2,47192.07,0.026,0.055
165,109,15:12.6,0.806,0.533,26017.37,41904.32,0.025,0.049
169,100,30:12.6,0.826,0.489,25266.34,46124.74,0.024,0.054
174,108,45:12.6,0.85,0.528,24411.76,42348.48,0.024,0.049
176,109,00:12.6,0.86,0.533,24069.77,41904.32,0.023,0.049
178,109,15:12.6,0.87,0.533,23735.63,41904.32,0.023,0.049
171,114,30:12.6,0.836,0.557,24904.31,39883.3,0.024,0.047
169,111,45:12.6,0.826,0.543,25266.34,41040.52,0.024,0.048
169,111,00:12.6,0.826,0.543,25266.34,41040.52,0.024,0.048
171,108,15:12.6,0.836,0.528,24904.31,42348.48,0.024,0.049
169,112,30:12.6,0.826,0.547,25266.34,40703.84,0.024,0.047
169,109,45:12.6,0.826,0.533,25266.34,41904.32,0.024,0.049
171,106,00:12.6,0.836,0.518,24904.31,43262.55,0.024,0.05
174,105,15:12.6,0.85,0.513,24411.76,43732.94,0.024,0.051
176,102,30:12.6,0.86,0.499,24069.77,45100.2,0.023,0.053
178,102,45:12.6,0.87,0.499,23735.63,45100.2,0.023,0.053
189,112,00:12.6,0.924,0.547,22056.28,40703.84,0.021,0.047
196,117,15:12.6,0.958,0.572,21096.03,38706.29,0.02,0.045
201,123,30:12.6,0.982,0.601,20458.25,36597.34,0.02,0.043
204,129,45:12.6,0.997,0.63,20075.23,34682.54,0.019,0.04
209,130,00:12.6,1.022,0.635,19461.84,34370.08,0.019,0.04
212,132,15:12.6,1.036,0.645,19131.27,33759.69,0.018,0.039
220,134,30:12.6,1.075,0.655,18255.81,33167.94,0.018,0.039
226,134,45:12.6,1.105,0.655,17624.43,33167.94,0.017,0.039
235,136,00:12.6,1.149,0.665,16758.05,32593.98,0.016,0.038
244,137,15:12.6,1.193,0.67,15955.57,32313.43,0.015,0.038
251,136,30:12.6,1.227,0.665,15374.9,32593.98,0.015,0.038
265,137,45:12.6,1.295,0.67,14305.02,32313.43,0.014,0.038
276,137,00:12.6,1.349,0.67,13532.25,32313.43,0.013,0.038
283,139,15:12.6,1.383,0.679,13076.64,31818.85,0.013,0.037
299,137,30:12.6,1.461,0.67,12111.57,32313.43,0.012,0.038
312,139,45:12.6,1.525,0.679,11393.44,31818.85,0.011,0.037
325,139,00:12.6,1.588,0.679,10743.07,31818.85,0.01,0.037
340,139,15:12.6,1.662,0.679,10042.12,31818.85,0.01,0.037
350,139,30:12.6,1.711,0.679,9611.34,31818.85,0.009,0.037
365,141,45:12.6,1.784,0.689,9013.45,31284.47,0.009,0.037
387,143,00:12.6,1.891,0.699,8220.52,30765.38,0.008,0.036
399,139,15:12.6,1.95,0.679,7820.51,31818.85,0.008,0.037
418,139,30:12.6,2.043,0.679,7236.91,31818.85,0.007,0.037
431,130,45:12.6,2.107,0.635,6865.21,34370.08,0.007,0.04
451,122,00:12.6,2.204,0.596,6343.01,36946.31,0.006,0.043
465,119,15:12.6,2.273,0.582,5998.68,37955.33,0.006,0.044
473,117,30:12.6,2.312,0.572,5813.15,38706.29,0.006,0.045
488,117,45:12.6,2.385,0.572,5482.18,38706.29,0.005,0.045
496,114,00:12.6,2.424,0.557,5313.53,39883.3,0.005,0.047
488,132,15:12.6,2.385,0.645,5482.18,33759.69,0.005,0.039
488,125,30:12.6,2.385,0.611,5482.18,35916.53,0.005,0.042
473,119,45:12.6,2.312,0.582,5813.15,37955.33,0.006,0.044
465,114,00:12.6,2.273,0.557,5998.68,39883.3,0.006,0.047
458,111,15:12.6,2.239,0.543,6165.7,41040.52,0.006,0.048
465,109,30:12.6,2.273,0.533,5998.68,41904.32,0.006,0.049
444,105,45:12.6,2.17,0.513,6520.74,43732.94,0.006,0.051
424,123,00:12.6,2.072,0.601,7065.64,36597.34,0.007,0.043
418,117,15:12.6,2.043,0.572,7236.91,38706.29,0.007,0.045
411,109,30:12.6,2.009,0.533,7444,41904.32,0.007,0.049
